candidate_id,artist,title,country,expected_year,style,spotify_track_id,spotify_url,spotify_isrc,spotify_metric,spotify_metric_value,artist_monthly_listeners,artist_monthly_listeners_captured_at,stream_count,spotify_percentile,spotify_tier,youtube_video_id,youtube_url,view_count,youtube_percentile,youtube_tier,selection_note
M062,Fireforce,Combat Metal,Belgium,2014,heavy metal,6O3eQ6rVO2wOptHkAfWNEL,https://open.spotify.com/track/6O3eQ6rVO2wOptHkAfWNEL,DET271214403,artist_monthly_listeners,1479,1479,2026-06-29T19:38:38+00:00,,12.65,Low,zip1C800tdU,https://music.youtube.com/watch?v=zip1C800tdU,23220,42.77,Middle,
M055,Traveler,Starbreaker,Canada,2019,heavy metal,6qCGoSR3V84W2pukqjC9rL,https://open.spotify.com/track/6qCGoSR3V84W2pukqjC9rL,ITI291901101,artist_monthly_listeners,5241,5241,2026-06-29T19:38:38+00:00,,23.49,Low,BHfVbP9rjnE,https://music.youtube.com/watch?v=BHfVbP9rjnE,31916,46.39,Middle,
M064,Sortilège,Messager - 2021,France,2021,heavy metal,4tIMFWs6e4BMCsudGF7JQL,https://open.spotify.com/track/4tIMFWs6e4BMCsudGF7JQL,FR7Z82100061,artist_monthly_listeners,14158,14158,2026-06-29T19:38:38+00:00,,40.36,Middle,mbrjS9BqzGw,https://music.youtube.com/watch?v=mbrjS9BqzGw,4487,21.08,Low,
M041,Firewind,World on Fire,Greece,2010,power metal,73VDhH8TvIIIeps0RuqXaf,https://open.spotify.com/track/73VDhH8TvIIIeps0RuqXaf,US4E41067702,artist_monthly_listeners,107557,107557,2026-06-29T19:38:38+00:00,,57.23,Middle,qmnQfohX2vc,https://music.youtube.com/watch?v=qmnQfohX2vc,7505,24.70,Low,
M023,Civil War,Rome Is Falling,Sweden,2012,power metal,6oYAAgSsy3A5167QZl6Zb5,https://open.spotify.com/track/6oYAAgSsy3A5167QZl6Zb5,SEXTE1202101,artist_monthly_listeners,68031,68031,2026-06-29T19:38:38+00:00,,53.61,Middle,MuAMjthSJm0,https://music.youtube.com/watch?v=MuAMjthSJm0,1392219,77.71,High,
M067,Pentagram,Geçmişin Yükü,Turkey,2012,heavy metal,11DYAaYg2bXqa2Vr8OpS4z,https://open.spotify.com/track/11DYAaYg2bXqa2Vr8OpS4z,TRA161200036,artist_monthly_listeners,198966,198966,2026-06-29T19:38:38+00:00,,62.05,Middle,Smk-Vsb9AOk,https://music.youtube.com/watch?v=Smk-Vsb9AOk,1223810,75.30,High,
M010,Helloween,Skyfall,Germany,2021,power metal,5lsqw3b9RryGa7NrhvdrMi,https://open.spotify.com/track/5lsqw3b9RryGa7NrhvdrMi,DED832001268,artist_monthly_listeners,1442999,1442999,2026-06-29T19:38:38+00:00,,88.55,High,BESgqzL8ijE,https://music.youtube.com/watch?v=BESgqzL8ijE,173407,59.64,Middle,
M017,Saxon,Thunderbolt,United Kingdom,2018,heavy metal,0ViETXmkc9BrgimhkqREGr,https://open.spotify.com/track/0ViETXmkc9BrgimhkqREGr,UKKY81700135,artist_monthly_listeners,472829,472829,2026-06-29T19:38:38+00:00,,75.30,High,zJ8FuN2OXHI,https://music.youtube.com/watch?v=zJ8FuN2OXHI,65843,52.41,Middle,
M060,Pyramaze,Disciples of the Sun,Denmark,2015,power metal,15y18CCQL1zxTjZHB4xdJU,https://open.spotify.com/track/15y18CCQL1zxTjZHB4xdJU,TCACF1554666,artist_monthly_listeners,31204,31204,2026-06-29T19:38:38+00:00,,51.20,Middle,TeIgtmGKtzY,https://music.youtube.com/watch?v=TeIgtmGKtzY,64555,51.20,Middle,
M077,Dragony,If It Bleeds We Can Kill It,Austria,2017,power metal,2YQDtovUXJ2zfPldc9mZzy,https://open.spotify.com/track/2YQDtovUXJ2zfPldc9mZzy,DET271817202,artist_monthly_listeners,31321,31321,2026-06-29T19:38:38+00:00,,52.41,Middle,KNNgWU4kXp8,https://music.youtube.com/watch?v=KNNgWU4kXp8,49427,50.00,Middle,
M054,Skull Fist,Better Late Than Never,Canada,2018,heavy metal,1RtW5EA4LO7nZHrgmgxCnJ,https://open.spotify.com/track/1RtW5EA4LO7nZHrgmgxCnJ,ATN261807207,artist_monthly_listeners,27621,27621,2026-06-29T19:38:38+00:00,,48.80,Middle,8EELvJAEmIc,https://music.youtube.com/watch?v=8EELvJAEmIc,29668,45.18,Middle,
M046,Orphaned Land,Like Orpheus,Israel,2018,heavy metal,2xT6dOB9HTQgP4WoR5ByI2,https://open.spotify.com/track/2xT6dOB9HTQgP4WoR5ByI2,US4E41848607,artist_monthly_listeners,28978,28978,2026-06-29T19:38:38+00:00,,50.00,Middle,3G3hBjV6R60,https://music.youtube.com/watch?v=3G3hBjV6R60,129774,57.23,Middle,
M006,Visigoth,Warrior Queen,United States,2015,heavy metal,6bzEx9m1sOsY2WgAjPjcVX,https://open.spotify.com/track/6bzEx9m1sOsY2WgAjPjcVX,USMBR1812841,artist_monthly_listeners,24956,24956,2026-06-29T19:38:38+00:00,,46.39,Middle,AW3lGArBDMs,https://music.youtube.com/watch?v=AW3lGArBDMs,161571,58.43,Middle,
M032,Vision Divine,Angel of Revenge,Italy,2018,power metal,4ktpjpQSF5GeX03fzd06EJ,https://open.spotify.com/track/4ktpjpQSF5GeX03fzd06EJ,DEAR41838004,artist_monthly_listeners,25610,25610,2026-06-29T19:38:38+00:00,,47.59,Middle,183PB-W2FB4,https://music.youtube.com/watch?v=183PB-W2FB4,203378,60.84,Middle,
M084,Exlibris,Hellphoria,Poland,2013,power metal,4ZCE9a3407wu9FG2i8baFE,https://open.spotify.com/track/4ZCE9a3407wu9FG2i8baFE,PLA641308724,artist_monthly_listeners,742,742,2026-06-29T19:38:38+00:00,,10.24,Low,IVSlnryCW7s,https://music.youtube.com/watch?v=IVSlnryCW7s,1423,10.24,Low,
M045,Carthagods,The Devil's Doll,Tunisia,2015,heavy metal,5aI2EF6gFKSdqW1bEHQFcb,https://open.spotify.com/track/5aI2EF6gFKSdqW1bEHQFcb,usl4r1823032,artist_monthly_listeners,640,640,2026-06-29T19:38:38+00:00,,9.04,Low,FnGWUPTT9vk,https://music.youtube.com/watch?v=FnGWUPTT9vk,1797,13.86,Low,
M074,Skinflint,Flesh Potion,Botswana,2022,heavy metal,5Hx4kJ8V59tGFotZHYW9Vy,https://open.spotify.com/track/5Hx4kJ8V59tGFotZHYW9Vy,TCAGX2337229,artist_monthly_listeners,385,385,2026-06-29T19:38:38+00:00,,5.42,Low,Lm9xUURZJ6k,https://music.youtube.com/watch?v=Lm9xUURZJ6k,863,7.83,Low,
M080,Arrayan Path,Stigmata,Cyprus,2018,power metal,1YpY2YfPHkbXCA1kaccmoF,https://open.spotify.com/track/1YpY2YfPHkbXCA1kaccmoF,CYA081302305,artist_monthly_listeners,522,522,2026-06-29T19:38:38+00:00,,7.83,Low,CxTRjHDxL4w,https://music.youtube.com/watch?v=CxTRjHDxL4w,1955,15.06,Low,
M081,Eagleheart,Reverse,Czech Republic,2017,power metal,6s5DxrVYsqh50hN2adnj0m,https://open.spotify.com/track/6s5DxrVYsqh50hN2adnj0m,ITD291701568,artist_monthly_listeners,297,297,2026-06-29T19:38:38+00:00,,3.01,Low,U20b7be3zO8,https://music.youtube.com/watch?v=U20b7be3zO8,1241,9.04,Low,
M065,Attick Demons,City of Golden Gates,Portugal,2016,heavy metal,6BZwg1KPw2Rl0sSzE8yGNc,https://open.spotify.com/track/6BZwg1KPw2Rl0sSzE8yGNc,DEZ902000395,artist_monthly_listeners,835,835,2026-06-29T19:38:38+00:00,,11.45,Low,DAV2A8R2x1w,https://music.youtube.com/watch?v=DAV2A8R2x1w,2445,17.47,Low,
M050,LORD,United,Australia,2019,power metal,7yqjpBncd99OTk5EMWGUBT,https://open.spotify.com/track/7yqjpBncd99OTk5EMWGUBT,AUDI31900001,artist_monthly_listeners,3073,3073,2026-06-29T19:38:38+00:00,,16.27,Low,p3syPBCnQ3w,https://music.youtube.com/watch?v=p3syPBCnQ3w,1594,12.65,Low,
M038,Concerto Moon,Alone in Paradise,Japan,2017,power metal,3Idf8blFXZHb9cDAh5GH69,https://open.spotify.com/track/3Idf8blFXZHb9cDAh5GH69,JPB621900487,artist_monthly_listeners,2218,2218,2026-06-29T19:38:38+00:00,,15.06,Low,IsRd3kIThAo,https://music.youtube.com/watch?v=IsRd3kIThAo,242,3.01,Low,
M047,The HU,Wolf Totem,Mongolia,2018,heavy metal,7LSn5it9bQhJqyfEq1PM3l,https://open.spotify.com/track/7LSn5it9bQhJqyfEq1PM3l,TCADY1880557,artist_monthly_listeners,1657676,1657676,2026-06-29T19:38:38+00:00,,89.76,High,jpsUPdNthGY,https://music.youtube.com/watch?v=jpsUPdNthGY,4761121,88.55,High,
M058,Volbeat,The Devil's Bleeding Crown,Denmark,2016,heavy metal,3TjQAc2PzWzlSDrnq61J1y,https://open.spotify.com/track/3TjQAc2PzWzlSDrnq61J1y,DKNE11600101,artist_monthly_listeners,4886124,4886124,2026-06-29T19:38:38+00:00,,94.58,High,5dqummhs3S8,https://music.youtube.com/watch?v=5dqummhs3S8,5343528,89.76,High,
M019,Sabaton,Bismarck,Sweden,2019,power metal,39m87lOMd5ccENPVvAT7gH,https://open.spotify.com/track/39m87lOMd5ccENPVvAT7gH,SE6HE1900101,artist_monthly_listeners,3239085,3239085,2026-06-29T19:38:38+00:00,,92.17,High,ERj08qJ2FAU,https://music.youtube.com/watch?v=ERj08qJ2FAU,14176293,93.37,High,
M025,Beast in Black,Blind and Frozen,Finland,2017,power metal,7iOSeHfKU2EhSKcX7TbjKG,https://open.spotify.com/track/7iOSeHfKU2EhSKcX7TbjKG,DED831701293,artist_monthly_listeners,1271062,1271062,2026-06-29T19:38:38+00:00,,87.35,High,IVKByFMQHss,https://music.youtube.com/watch?v=IVKByFMQHss,14385630,94.58,High,
M011,Accept,Teutonic Terror,Germany,2010,heavy metal,3crIa21lfjekujCQuGjlJT,https://open.spotify.com/track/3crIa21lfjekujCQuGjlJT,DED831000251,artist_monthly_listeners,1213609,1213609,2026-06-29T19:38:38+00:00,,86.14,High,ral4hAS5dVk,https://music.youtube.com/watch?v=ral4hAS5dVk,3933340,86.14,High,
M001,Metallica,Moth Into Flame,United States,2016,heavy metal,3JjZq20Kv6UphyyirAaY9A,https://open.spotify.com/track/3JjZq20Kv6UphyyirAaY9A,QMKHM1600380,artist_monthly_listeners,32848505,32848505,2026-06-29T19:38:38+00:00,,99.40,High,BtRyz1qGI8c,https://music.youtube.com/watch?v=BtRyz1qGI8c,5386594,90.96,High,
M018,DragonForce,Cry Thunder,United Kingdom,2012,power metal,45W8En2qul3ljQKzIbsyT4,https://open.spotify.com/track/45W8En2qul3ljQKzIbsyT4,DEH841500444,artist_monthly_listeners,1856073,1856073,2026-06-29T19:38:38+00:00,,90.96,High,20vgg_WoTz4,https://music.youtube.com/watch?v=20vgg_WoTz4,1631618,78.92,High,
M030,Wind Rose,Drunken Dwarves,Italy,2019,power metal,4qxK1lnNoYm1kevG69mhHU,https://open.spotify.com/track/4qxK1lnNoYm1kevG69mhHU,ATN261985903,artist_monthly_listeners,723787,723787,2026-06-29T19:38:38+00:00,,80.12,High,oPQAfz1GulI,https://music.youtube.com/watch?v=oPQAfz1GulI,4712660,87.35,High,
