source_type,playlist_kind,week_folder,week_number,platform,user_folder,user_number,playlist_name,track_count,tracks_with_popularity,min_popularity_value,median_popularity_value,mean_popularity_value,max_popularity_value,median_log10_popularity,mean_log10_popularity,median_log10_delta_vs_final_balanced,mean_log10_delta_vs_final_balanced,median_ratio_vs_final_balanced,median_baseline_empirical_percentile,mean_baseline_empirical_percentile,share_above_final_balanced_median,share_top_third_vs_final_balanced,share_above_final_balanced_max
baseline,final_balanced_playlist,FinalBalanced,0,Spotify,FinalBalanced,0,final_balanced_playlist,30,30,297.0,30091.0,1672852.7666666666,32848505.0,4.478139338658135,4.639865087095871,0.0,0.16172574843773557,1.0,50.0,49.99999999999999,0.5,0.3333333333333333,0.0
recommended,weekly_recommendation,Week1_21July,1,Spotify,User1,1,Week1-User1,30,30,25447.0,206446.0,432603.86666666664,3115408.0,5.313981196800984,5.345412383093849,0.8358418581428486,0.8672730444357145,6.860722475158685,65.0,64.77777777777779,0.9333333333333333,0.26666666666666666,0.0
recommended,weekly_recommendation,Week1_21July,1,Spotify,User2,2,Week1-User2,30,30,25447.0,189283.5,425583.8333333333,3115408.0,5.276992840838766,5.315358029512756,0.7988535021806302,0.8372186908546196,6.290369213386063,63.333333333333336,64.33333333333334,0.9333333333333333,0.26666666666666666,0.0
recommended,weekly_recommendation,Week1_21July,1,Spotify,User3,3,Week1-User3,30,30,25447.0,169119.5,399172.1,3115408.0,5.228173747823951,5.25296766773871,0.7500344091658162,0.774828329080575,5.620268518826227,63.333333333333336,63.55555555555556,0.9,0.23333333333333334,0.0
recommended,weekly_recommendation,Week1_21July,1,Spotify,User4,4,Week1-User4,30,30,24507.0,177788.0,379994.6,3115408.0,5.249560919275714,5.271832141216947,0.771421580617579,0.7936928025588119,5.908344687780399,63.333333333333336,63.0,0.9,0.23333333333333334,0.0
recommended,weekly_recommendation,Week1_21July,1,Spotify,User5,5,Week 1-User5,30,30,25447.0,206446.0,452436.63333333336,3115408.0,5.313981196800984,5.3453460281174054,0.8358418581428486,0.8672066894592698,6.860722475158685,65.0,64.88888888888889,0.9333333333333333,0.26666666666666666,0.0
recommended,weekly_recommendation,Week1_21July,1,Spotify,User6,6,Week1-User6 ,30,30,25447.0,189283.5,410287.8,3115408.0,5.276992840838766,5.308410203289638,0.7988535021806302,0.8302708646315009,6.290369213386063,63.333333333333336,63.777777777777786,0.9,0.3,0.0
recommended,weekly_recommendation,Week1_21July,1,Spotify,User7,7,Week 1-User7,30,30,25447.0,169119.5,438360.4666666667,3115408.0,5.228173747823951,5.288757235887316,0.7500344091658162,0.8106178972291808,5.620268518826227,63.333333333333336,64.11111111111111,0.9333333333333333,0.23333333333333334,0.0
recommended,weekly_recommendation,Week1_21July,1,Spotify,User8,8,Week1-User8,30,30,25447.0,188573.0,409127.56666666665,3115408.0,5.275394214666743,5.312926927195639,0.7972548760086089,0.8347875885375043,6.266757502243196,63.333333333333336,64.44444444444444,0.9666666666666667,0.23333333333333334,0.0
recommended,weekly_recommendation,Week1_21July,1,Spotify,User9,9,Week1-User9,30,30,25447.0,229441.0,404077.1,3115408.0,5.36023467704242,5.3370688457906255,0.8820953383842847,0.8589295071324894,7.624904456482005,66.66666666666667,64.33333333333334,0.9333333333333333,0.23333333333333334,0.0
recommended,weekly_recommendation,Week2_28July,2,Spotify,User1,1,Week2_User1,30,30,10317.0,167981.5,292254.7,1132677.0,5.225257646414824,5.157914565733167,0.747118307756689,0.6797752270750326,5.582449901964042,63.333333333333336,60.22222222222221,0.8333333333333334,0.2,0.0
recommended,weekly_recommendation,Week2_28July,2,Spotify,User2,2,Week2_User2,30,30,10317.0,180062.0,356995.36666666664,1431600.0,5.2545534412545525,5.259648490719394,0.7764141025964175,0.7815091520612589,5.983915456448772,63.333333333333336,62.55555555555555,0.9,0.26666666666666666,0.0
recommended,weekly_recommendation,Week2_28July,2,Spotify,User3,3,Week2_User3,30,30,10317.0,127311.0,257575.36666666667,1132677.0,5.104484702215803,5.10201431871285,0.6263453635576677,0.623874980054716,4.230866372004918,63.333333333333336,59.11111111111112,0.8,0.16666666666666666,0.0
recommended,weekly_recommendation,Week2_28July,2,Spotify,User4,4,Week2_User4,30,30,10317.0,191631.5,423640.5333333333,1778853.0,5.282466679942631,5.332849939050851,0.8043273412844969,0.8547106003927164,6.3683991891263165,63.333333333333336,64.44444444444444,0.9333333333333333,0.3333333333333333,0.0
recommended,weekly_recommendation,Week2_28July,2,Spotify,User5,5,Week2-User5,30,30,22697.0,253757.5,559094.0,4119511.0,5.4039491888550835,5.371790414950003,0.9258098501969481,0.8936510762918677,8.433003223555216,66.66666666666667,65.0,0.9333333333333333,0.26666666666666666,0.0
recommended,weekly_recommendation,Week2_28July,2,Spotify,User6,6,Week2_User6,30,30,14038.0,268336.5,396512.3,1265927.0,5.428656383957531,5.34124236596566,0.9505170452993954,0.8631030273075254,8.917500249243961,66.66666666666667,63.777777777777786,0.9333333333333333,0.26666666666666666,0.0
recommended,weekly_recommendation,Week2_28July,2,Spotify,User7,7,Week2_User7,30,30,10317.0,157658.0,364219.6666666667,3096823.0,5.196906018238877,5.174726251329205,0.7187666795807424,0.6965869126710701,5.239373899172509,63.333333333333336,60.88888888888888,0.8333333333333334,0.23333333333333334,0.0
recommended,weekly_recommendation,Week2_28July,2,Spotify,User8,8,Week2-User8,30,30,16435.0,292756.0,419201.3,1265927.0,5.466490409215806,5.410344220613305,0.9883510705576715,0.9322048819551703,9.729021966701007,66.66666666666667,64.88888888888889,0.9333333333333333,0.3,0.0
recommended,weekly_recommendation,Week2_28July,2,Spotify,User9,9,Week2_User9,30,30,10317.0,191631.5,405670.8,3096823.0,5.282466679942631,5.268978590597458,0.8043273412844969,0.7908392519393231,6.3683991891263165,63.333333333333336,62.888888888888886,0.9,0.23333333333333334,0.0
recommended,weekly_recommendation,Week2_28July,2,Spotify,User10,10,Week2-User10,30,30,16435.0,216700.5,444250.3,3096823.0,5.3328887913284015,5.316659599181943,0.8547494526702666,0.838520260523809,7.201505433518328,65.0,63.55555555555556,0.9,0.26666666666666666,0.0
baseline,final_balanced_playlist,FinalBalanced,0,Youtube,FinalBalanced,0,final_balanced_playlist,30,30,242.0,65199.0,1930104.1333333333,14385630.0,4.814219747922499,4.897415559201386,-4.440892098500626e-16,0.0831958112788875,1.0,50.0,50.0,0.5,0.3333333333333333,0.0
recommended,weekly_recommendation,Week1_21July,1,Youtube,User1,1,Discover Mix,30,30,4617.0,677129.5,2965356.033333333,21462837.0,5.827748826613735,5.812185432748856,1.0135290786912368,0.9979656848263567,10.385581067194282,66.66666666666667,68.8888888888889,0.9333333333333333,0.3,0.06666666666666667
recommended,weekly_recommendation,Week1_21July,1,Youtube,User2,2,Discover Mix,30,30,20200.0,777935.0,35732222.666666664,840015371.0,5.88763333499101,6.133585345023138,1.073413587068511,1.3193655971006382,11.93170140646329,66.66666666666667,73.55555555555556,0.9333333333333333,0.43333333333333335,0.2
recommended,weekly_recommendation,Week1_21July,1,Youtube,User3,3,Discover Mix,30,30,1706.0,452956.5,34613443.666666664,840021427.0,5.652250095703776,5.813611156837847,0.8380303477812769,0.9993914089153481,6.94729213638246,66.66666666666667,67.00000000000001,0.9333333333333333,0.26666666666666666,0.13333333333333333
recommended,weekly_recommendation,Week1_21July,1,Youtube,User4,4,Discover Mix,30,30,19179.0,1231020.0,31010452.633333333,713107535.0,6.088928200155425,6.233809968656448,1.2747084522329262,1.4195902207339501,18.880964431969815,68.33333333333334,75.55555555555556,0.9333333333333333,0.5,0.2
recommended,weekly_recommendation,Week1_21July,1,Youtube,User5,5,Discover Mix,30,30,27669.0,417200.0,6056082.5,164450699.0,5.619629724087201,5.605531230716677,0.8054099761647016,0.7913114827941781,6.398871148330496,66.66666666666667,63.8888888888889,0.9333333333333333,0.16666666666666666,0.03333333333333333
recommended,weekly_recommendation,Week1_21July,1,Youtube,User6,6,Discover Mix,30,30,19179.0,489508.5,1949771.7333333334,12474432.0,5.689063460513669,5.7324969579348215,0.8748437125911703,0.9182772100123232,7.507914231813372,66.66666666666667,66.44444444444444,0.9,0.3333333333333333,0.0
recommended,weekly_recommendation,Week1_21July,1,Youtube,User7,7,Discover Mix,30,30,18144.0,9873210.0,150828710.86666667,1858628149.0,6.8557280527968985,6.733939764378974,2.0415083048744,1.9197200164564756,151.4319238025123,88.33333333333334,80.66666666666667,0.9333333333333333,0.6333333333333333,0.5
recommended,weekly_recommendation,Week1_21July,1,Youtube,User8,8,Discover Mix,30,30,5805.0,785157.5,28832114.933333334,511860368.0,5.887754804551416,5.982010857582106,1.0735350566289172,1.167791109659607,12.04247764536266,66.66666666666667,69.77777777777779,0.8,0.4666666666666667,0.16666666666666666
recommended,weekly_recommendation,Week1_21July,1,Youtube,User9,9,Discover Mix,30,30,24661.0,2315115.0,9307880.7,49122828.0,6.3645371719381085,6.319338338260953,1.55031742401561,1.505118590338455,35.50844338103345,76.66666666666667,78.55555555555556,0.9666666666666667,0.6333333333333333,0.26666666666666666
recommended,weekly_recommendation,Week1_21July,1,Youtube,User10,10,Discover Mix,30,30,82199.0,3491789.5,147399997.26666668,1750559331.0,6.540143079532527,6.75120687629582,1.7259233316100278,1.9369871283733213,53.55587509010874,76.66666666666667,81.8888888888889,1.0,0.7333333333333333,0.3333333333333333
recommended,weekly_recommendation,Week2_28July,2,Youtube,User1,1,Discover Mix,30,30,22033.0,616987.0,7966095.6,91388909.0,5.788079274417683,5.9552861677054345,0.9738595264951848,1.1410664197829354,9.463135937667756,66.66666666666667,71.0,0.9666666666666667,0.36666666666666664,0.1
recommended,weekly_recommendation,Week2_28July,2,Youtube,User2,2,Discover Mix,30,30,15659.0,258302.5,2698393.033333333,26164318.0,5.411926294884778,5.6237214123137615,0.5977065469622795,0.8095016643912629,3.9617555483979814,66.66666666666667,65.66666666666667,0.9,0.26666666666666666,0.06666666666666667
recommended,weekly_recommendation,Week2_28July,2,Youtube,User3,3,Discover Mix,30,30,89805.0,1823070.0,6861423.966666667,36779569.0,6.260291273468839,6.22001822043848,1.446071525546341,1.405798472515984,27.96162517830028,76.66666666666667,77.2222222222222,1.0,0.5333333333333333,0.16666666666666666
recommended,weekly_recommendation,Week2_28July,2,Youtube,User4,4,Discover Mix,30,30,162.0,322919.5,2459839.433333333,26164318.0,5.50348885279274,5.39940717080158,0.6892691048702413,0.58518742287908,4.952829031120109,66.66666666666667,60.666666666666664,0.7666666666666667,0.26666666666666666,0.03333333333333333
recommended,weekly_recommendation,Week2_28July,2,Youtube,User5,5,Discover Mix,30,30,21232.0,368867.5,1130617.3333333333,16710866.0,5.566820311384182,5.548086480403857,0.7526005634616832,0.7338667324813579,5.657563766315434,66.66666666666667,63.00000000000001,0.8333333333333334,0.2,0.03333333333333333
recommended,weekly_recommendation,Week2_28July,2,Youtube,User6,6,Discover Mix,30,30,26915.0,941299.0,3832295.033333333,36779570.0,5.973645050340586,5.920215228532083,1.1594253024180876,1.105995480609585,14.43732265832298,66.66666666666667,70.0,0.9,0.4,0.1
recommended,weekly_recommendation,Week2_28July,2,Youtube,User7,7,Discover Mix,30,30,9245.0,10169530.0,154521207.4,1752841683.0,7.007057306720178,7.138937435329355,2.192837558797679,2.3247176874068556,155.97677878495068,93.33333333333333,88.55555555555557,0.9666666666666667,0.9333333333333333,0.4666666666666667
recommended,weekly_recommendation,Week2_28July,2,Youtube,User8,8,Discover Mix,30,30,15857.0,600664.5,44252693.06666667,1202037008.0,5.778629544691318,5.938123587689807,0.9644097967688192,1.1239038397673078,9.212787005935674,66.66666666666667,69.44444444444444,0.9,0.36666666666666664,0.1
recommended,weekly_recommendation,Week2_28July,2,Youtube,User9,9,Discover Mix,30,30,1732.0,1651460.0,8752334.566666666,68906311.0,6.217461897325785,6.101398310305194,1.4032421494032867,1.287178562382695,25.32952959401218,75.0,74.33333333333333,0.9333333333333333,0.5333333333333333,0.2
recommended,weekly_recommendation,Week2_28July,2,Youtube,User10,10,Discover Mix,30,30,46031.0,2135676.5,158590431.0,1752841683.0,6.327130964511625,6.666629362198422,1.512911216589126,1.8524096142759239,32.75627693676283,76.66666666666667,78.88888888888889,0.9666666666666667,0.6666666666666666,0.26666666666666666
