snapshot_label,captured_at_utc,platform,source_account_display_name,source_account_id,playlist_name,playlist_id,playlist_url,playlist_position,playlist_added_at,playlist_added_by_id,candidate_id,research_artist,research_title,artist_origin_country_research,expected_release_year_research,genre_style_research,spotify_track_id,spotify_uri,spotify_url,spotify_title,spotify_artists,primary_artist_id,primary_artist_name,primary_artist_url,artist_monthly_listeners,artist_monthly_listeners_source,artist_monthly_listeners_fetch_error,previous_artist_monthly_listeners,previous_listener_capture_utc,monthly_listener_change,monthly_listener_change_fraction,average_monthly_listener_change_per_day,spotify_track_popularity,spotify_artist_popularity,spotify_artist_followers,spotify_track_stream_count,unavailable_popularity_fields_note,album_id,album_name,album_type,album_release_date,album_release_date_precision,album_total_tracks,album_label,album_upc,album_fetch_error,album_copyrights,spotify_isrc,duration_ms,disc_number,track_number,explicit,is_playable,is_local,selection_method,spotify_selected_tier,original_pool_spotify_percentile,original_pool_spotify_rank_tier,original_pool_spotify_log10_popularity,monthly_listeners_rank_within_playlist_desc,monthly_listeners_percentile_within_playlist,monthly_listeners_log10
week1_13july,2026-07-14T10:57:52+00:00,Spotify,Aysima Karçaaltıncaba,aaaaysimaaaa,Heavy Metal MCT,531GNQfZFLGveRbERYYUaw,https://open.spotify.com/playlist/531GNQfZFLGveRbERYYUaw,1,2026-07-03T10:35:53Z,aaaaysimaaaa,M084,Exlibris,Hellphoria,Poland,2013,power metal,4ZCE9a3407wu9FG2i8baFE,spotify:track:4ZCE9a3407wu9FG2i8baFE,https://open.spotify.com/track/4ZCE9a3407wu9FG2i8baFE,Hellphoria,Exlibris,3w8AGJIJV3eAHw6cCZiFjb,Exlibris,https://open.spotify.com/artist/3w8AGJIJV3eAHw6cCZiFjb,752,Spotify public artist page,,742,2026-06-29T19:38:38+00:00,10,0.013477088948787063,0.6831367997254801,,,,,"Spotify Development Mode response does not expose track popularity, artist popularity, followers, or public cumulative track streams; monthly listeners are the study proxy.",5jkge5isy4lLX7TLy0F1XR,Humagination,album,2013,year,12,,5907785037953,,C: 2013 Metal Mind Productions sp. z o.o.; P: 2013 Metal Mind Productions sp. z o.o.,PLA641308724,196746,1,2,False,True,False,rank,Low,10.24,Low,2.870989,25.0,18.333333,2.876217841
week1_13july,2026-07-14T10:57:52+00:00,Spotify,Aysima Karçaaltıncaba,aaaaysimaaaa,Heavy Metal MCT,531GNQfZFLGveRbERYYUaw,https://open.spotify.com/playlist/531GNQfZFLGveRbERYYUaw,2,2026-07-03T10:35:53Z,aaaaysimaaaa,M045,Carthagods,The Devil's Doll,Tunisia,2015,heavy metal,5aI2EF6gFKSdqW1bEHQFcb,spotify:track:5aI2EF6gFKSdqW1bEHQFcb,https://open.spotify.com/track/5aI2EF6gFKSdqW1bEHQFcb,The Devil's Doll,Carthagods,0SdxZAc2eKSnWwhjHEC07W,Carthagods,https://open.spotify.com/artist/0SdxZAc2eKSnWwhjHEC07W,627,Spotify public artist page,,640,2026-06-29T19:38:38+00:00,-13,-0.0203125,-0.8880778396431243,,,,,"Spotify Development Mode response does not expose track popularity, artist popularity, followers, or public cumulative track streams; monthly listeners are the study proxy.",3M4vD72zWBqHT3Sru1XFrq,The Devil's Doll,single,2018-12-20,day,1,,1827849881039,,C: 2018 Darkside Records Tunisia; P: 2018 Darkside Records Tunisia,usl4r1823032,356807,1,1,True,True,False,rank,Low,9.04,Low,2.806858,26.0,15.0,2.797267541
week1_13july,2026-07-14T10:57:52+00:00,Spotify,Aysima Karçaaltıncaba,aaaaysimaaaa,Heavy Metal MCT,531GNQfZFLGveRbERYYUaw,https://open.spotify.com/playlist/531GNQfZFLGveRbERYYUaw,3,2026-07-03T10:35:53Z,aaaaysimaaaa,M074,Skinflint,Flesh Potion,Botswana,2022,heavy metal,5Hx4kJ8V59tGFotZHYW9Vy,spotify:track:5Hx4kJ8V59tGFotZHYW9Vy,https://open.spotify.com/track/5Hx4kJ8V59tGFotZHYW9Vy,Flesh Potion,Skinflint,76MMXRm4VwkwlptuOPeRX1,Skinflint,https://open.spotify.com/artist/76MMXRm4VwkwlptuOPeRX1,339,Spotify public artist page,,385,2026-06-29T19:38:38+00:00,-46,-0.11948051948051948,-3.142429278737209,,,,,"Spotify Development Mode response does not expose track popularity, artist popularity, followers, or public cumulative track streams; monthly listeners are the study proxy.",14rzBMVKOiaBOusZjpH7oi,Adze,single,2022-06-20,day,4,,859771269242,,C: 2022 Skinflint; P: 2022 Skinflint,TCAGX2337229,294234,1,4,False,True,False,rank,Low,5.42,Low,2.586587,28.0,8.333333,2.530199698
week1_13july,2026-07-14T10:57:52+00:00,Spotify,Aysima Karçaaltıncaba,aaaaysimaaaa,Heavy Metal MCT,531GNQfZFLGveRbERYYUaw,https://open.spotify.com/playlist/531GNQfZFLGveRbERYYUaw,4,2026-07-03T10:35:53Z,aaaaysimaaaa,M080,Arrayan Path,Stigmata,Cyprus,2018,power metal,1YpY2YfPHkbXCA1kaccmoF,spotify:track:1YpY2YfPHkbXCA1kaccmoF,https://open.spotify.com/track/1YpY2YfPHkbXCA1kaccmoF,Stigmata,Arrayan Path,4i1kDUJkz1Md0NK9iyLuAD,Arrayan Path,https://open.spotify.com/artist/4i1kDUJkz1Md0NK9iyLuAD,511,Spotify public artist page,,522,2026-06-29T19:38:38+00:00,-11,-0.0210727969348659,-0.7514504796980283,,,,,"Spotify Development Mode response does not expose track popularity, artist popularity, followers, or public cumulative track streams; monthly listeners are the study proxy.",3Rmik3lOB3ohFrBzV93h5T,IV: Stigmata,album,2013-06-10,day,10,,5055489275185,,C: (C) 2013 Pitch Black Records; P: (P) 2013 Pitch Black Records,CYA081302305,387680,1,5,False,True,False,rank,Low,7.83,Low,2.718502,27.0,11.666667,2.7084209
week1_13july,2026-07-14T10:57:52+00:00,Spotify,Aysima Karçaaltıncaba,aaaaysimaaaa,Heavy Metal MCT,531GNQfZFLGveRbERYYUaw,https://open.spotify.com/playlist/531GNQfZFLGveRbERYYUaw,5,2026-07-03T10:35:53Z,aaaaysimaaaa,M081,Eagleheart,Reverse,Czech Republic,2017,power metal,6s5DxrVYsqh50hN2adnj0m,spotify:track:6s5DxrVYsqh50hN2adnj0m,https://open.spotify.com/track/6s5DxrVYsqh50hN2adnj0m,Reverse,Eagleheart,1AJYEp0lejGrqWQsp2bHgW,Eagleheart,https://open.spotify.com/artist/1AJYEp0lejGrqWQsp2bHgW,275,Spotify public artist page,,297,2026-06-29T19:38:38+00:00,-22,-0.07407407407407407,-1.5029009593960565,,,,,"Spotify Development Mode response does not expose track popularity, artist popularity, followers, or public cumulative track streams; monthly listeners are the study proxy.",5A5DznEQtIMjMlNls8gs8j,Reverse,album,2017-08-18,day,12,,191773532642,,C: (C) 2017 Scarlet Records,ITD291701568,375026,1,6,False,True,False,rank,Low,3.01,Low,2.474216,30.0,1.666667,2.439332694
week1_13july,2026-07-14T10:57:52+00:00,Spotify,Aysima Karçaaltıncaba,aaaaysimaaaa,Heavy Metal MCT,531GNQfZFLGveRbERYYUaw,https://open.spotify.com/playlist/531GNQfZFLGveRbERYYUaw,6,2026-07-03T10:35:53Z,aaaaysimaaaa,M065,Attick Demons,City of Golden Gates,Portugal,2016,heavy metal,6BZwg1KPw2Rl0sSzE8yGNc,spotify:track:6BZwg1KPw2Rl0sSzE8yGNc,https://open.spotify.com/track/6BZwg1KPw2Rl0sSzE8yGNc,City of Golden Gates,Attick Demons,5mf3WLEtrRlKH453i2mgXk,Attick Demons,https://open.spotify.com/artist/5mf3WLEtrRlKH453i2mgXk,827,Spotify public artist page,,835,2026-06-29T19:38:38+00:00,-8,-0.009580838323353293,-0.5465094397803841,,,,,"Spotify Development Mode response does not expose track popularity, artist popularity, followers, or public cumulative track streams; monthly listeners are the study proxy.",6oNVfBY1QZfhYEk6TtJs9X,Atlantis,album,2012,year,11,,3616407362770,,C: (C) 2012 Roar; P: (P) 2012 Roar,DEZ902000395,317680,1,3,False,True,False,rank,Low,11.45,Low,2.922206,24.0,21.666667,2.91750551
week1_13july,2026-07-14T10:57:52+00:00,Spotify,Aysima Karçaaltıncaba,aaaaysimaaaa,Heavy Metal MCT,531GNQfZFLGveRbERYYUaw,https://open.spotify.com/playlist/531GNQfZFLGveRbERYYUaw,7,2026-07-03T10:35:53Z,aaaaysimaaaa,M050,LORD,United,Australia,2019,power metal,7yqjpBncd99OTk5EMWGUBT,spotify:track:7yqjpBncd99OTk5EMWGUBT,https://open.spotify.com/track/7yqjpBncd99OTk5EMWGUBT,United,LORD,6mLDXLOEh4fcvxm5ICKfhE,LORD,https://open.spotify.com/artist/6mLDXLOEh4fcvxm5ICKfhE,3104,Spotify public artist page,,3073,2026-06-29T19:38:38+00:00,31,0.010087862024080702,2.1177240791489886,,,,,"Spotify Development Mode response does not expose track popularity, artist popularity, followers, or public cumulative track streams; monthly listeners are the study proxy.",2hYfb3WwkltAqVTdcbVY1Z,United,single,2019-03-01,day,1,,193428773790,,C: 2019 Lord; P: 2019 Lord,AUDI31900001,297670,1,1,False,True,False,rank,Low,16.27,Low,3.487704,21.0,31.666667,3.491921713
week1_13july,2026-07-14T10:57:52+00:00,Spotify,Aysima Karçaaltıncaba,aaaaysimaaaa,Heavy Metal MCT,531GNQfZFLGveRbERYYUaw,https://open.spotify.com/playlist/531GNQfZFLGveRbERYYUaw,8,2026-07-03T10:35:53Z,aaaaysimaaaa,M038,Concerto Moon,Alone in Paradise,Japan,2017,power metal,3Idf8blFXZHb9cDAh5GH69,spotify:track:3Idf8blFXZHb9cDAh5GH69,https://open.spotify.com/track/3Idf8blFXZHb9cDAh5GH69,ALONE IN PARADISE,CONCERTO MOON,06RLyuNu1DPwwvCxLvN476,CONCERTO MOON,https://open.spotify.com/artist/06RLyuNu1DPwwvCxLvN476,2091,Spotify public artist page,,2218,2026-06-29T19:38:38+00:00,-127,-0.05725879170423805,-8.675837356513599,,,,,"Spotify Development Mode response does not expose track popularity, artist popularity, followers, or public cumulative track streams; monthly listeners are the study proxy.",4QyLEMWcAROAMxtA4CNeaf,OUROBOROS,album,2019-06-19,day,12,,4988044046276,,C: 2019 diskunion; P: 2019 diskunion,JPB621900487,279093,1,5,False,True,False,rank,Low,15.06,Low,3.346157,22.0,28.333333,3.320354033
week1_13july,2026-07-14T10:57:52+00:00,Spotify,Aysima Karçaaltıncaba,aaaaysimaaaa,Heavy Metal MCT,531GNQfZFLGveRbERYYUaw,https://open.spotify.com/playlist/531GNQfZFLGveRbERYYUaw,9,2026-07-13T10:39:10Z,aaaaysimaaaa,M076,Emerald,Digital Slavery,Switzerland,2012,heavy metal,4yqFAogywm9DGzQOoiLkil,spotify:track:4yqFAogywm9DGzQOoiLkil,https://open.spotify.com/track/4yqFAogywm9DGzQOoiLkil,Digital Slavery,Emerald,4w0gX7zcZG18e8yqvXoUKL,Emerald,https://open.spotify.com/artist/4w0gX7zcZG18e8yqvXoUKL,316,Spotify public artist page,,316,2026-06-29T19:38:38+00:00,0,0.0,0.0,,,,,"Spotify Development Mode response does not expose track popularity, artist popularity, followers, or public cumulative track streams; monthly listeners are the study proxy.",5UdtltUo6Nr1UjLrsTtIMh,Restless Souls,album,2019-05-17,day,12,,5200123662306,,C: (C) 2019 Roar; P: (P) 2019 Roar,DEZ901900009,232971,1,3,False,True,False,rank,Low,4.22,Low,2.501059,29.0,5.0,2.499687083
week1_13july,2026-07-14T10:57:52+00:00,Spotify,Aysima Karçaaltıncaba,aaaaysimaaaa,Heavy Metal MCT,531GNQfZFLGveRbERYYUaw,https://open.spotify.com/playlist/531GNQfZFLGveRbERYYUaw,10,2026-07-03T10:35:53Z,aaaaysimaaaa,M062,Fireforce,Combat Metal,Belgium,2014,heavy metal,6O3eQ6rVO2wOptHkAfWNEL,spotify:track:6O3eQ6rVO2wOptHkAfWNEL,https://open.spotify.com/track/6O3eQ6rVO2wOptHkAfWNEL,Combat Metal,Fireforce,51hq2WvXCCc1z4ygbN4FFV,Fireforce,https://open.spotify.com/artist/51hq2WvXCCc1z4ygbN4FFV,1482,Spotify public artist page,,1479,2026-06-29T19:38:38+00:00,3,0.002028397565922921,0.20494103991764406,,,,,"Spotify Development Mode response does not expose track popularity, artist popularity, followers, or public cumulative track streams; monthly listeners are the study proxy.",3FGMnhpJqHWypLbg6LcDyE,Deathbringer,album,2014-06-20,day,13,,884860108324,,C: (C) 2014 Limb Music GmbH,DET271214403,259346,1,3,False,True,False,rank,Low,12.65,Low,3.170262,23.0,25.0,3.170848204
week1_13july,2026-07-14T10:57:52+00:00,Spotify,Aysima Karçaaltıncaba,aaaaysimaaaa,Heavy Metal MCT,531GNQfZFLGveRbERYYUaw,https://open.spotify.com/playlist/531GNQfZFLGveRbERYYUaw,11,2026-07-03T10:35:53Z,aaaaysimaaaa,M064,Sortilège,Messager - 2021,France,2021,heavy metal,4tIMFWs6e4BMCsudGF7JQL,spotify:track:4tIMFWs6e4BMCsudGF7JQL,https://open.spotify.com/track/4tIMFWs6e4BMCsudGF7JQL,Messager - 2021,Sortilège,2mUthKsZa1UWKvbAcJWQ2U,Sortilège,https://open.spotify.com/artist/2mUthKsZa1UWKvbAcJWQ2U,12510,Spotify public artist page,,14158,2026-06-29T19:38:38+00:00,-1648,-0.11640062155671706,-112.58094459475913,,,,,"Spotify Development Mode response does not expose track popularity, artist popularity, followers, or public cumulative track streams; monthly listeners are the study proxy.",0pXc030dzigekM5jWdgYid,Phoenix,album,2021-08-27,day,14,,3760220463401,,C: 2021 Verycords; P: 2021 Verycords,FR7Z82100061,279520,1,4,False,True,False,rank,Middle,40.36,Middle,4.151033,20.0,35.0,4.09725731
week1_13july,2026-07-14T10:57:52+00:00,Spotify,Aysima Karçaaltıncaba,aaaaysimaaaa,Heavy Metal MCT,531GNQfZFLGveRbERYYUaw,https://open.spotify.com/playlist/531GNQfZFLGveRbERYYUaw,12,2026-07-03T10:35:53Z,aaaaysimaaaa,M060,Pyramaze,Disciples of the Sun,Denmark,2015,power metal,15y18CCQL1zxTjZHB4xdJU,spotify:track:15y18CCQL1zxTjZHB4xdJU,https://open.spotify.com/track/15y18CCQL1zxTjZHB4xdJU,Disciples of the Sun,Pyramaze,23jSIm8VfKV2HaQJtfR3PK,Pyramaze,https://open.spotify.com/artist/23jSIm8VfKV2HaQJtfR3PK,29454,Spotify public artist page,,31204,2026-06-29T19:38:38+00:00,-1750,-0.056082553518779645,-119.54893995195903,,,,,"Spotify Development Mode response does not expose track popularity, artist popularity, followers, or public cumulative track streams; monthly listeners are the study proxy.",0zyZmvnSiU5fXR543Hbtwk,Disciples of the Sun,album,2015-05-22,day,12,,4018996237900,,C: 2015 Inner Wound Recodings; P: 2015 Ulterium Records,TCACF1554666,234200,1,3,False,True,False,rank,Middle,51.20,Middle,4.494224,15.0,51.666667,4.469144282
week1_13july,2026-07-14T10:57:52+00:00,Spotify,Aysima Karçaaltıncaba,aaaaysimaaaa,Heavy Metal MCT,531GNQfZFLGveRbERYYUaw,https://open.spotify.com/playlist/531GNQfZFLGveRbERYYUaw,13,2026-07-03T10:35:53Z,aaaaysimaaaa,M077,Dragony,If It Bleeds We Can Kill It,Austria,2017,power metal,2YQDtovUXJ2zfPldc9mZzy,spotify:track:2YQDtovUXJ2zfPldc9mZzy,https://open.spotify.com/track/2YQDtovUXJ2zfPldc9mZzy,If It Bleeds We Can Kill It,Dragony,4ZGFYwFpBWxq6FxqilvRJT,Dragony,https://open.spotify.com/artist/4ZGFYwFpBWxq6FxqilvRJT,30472,Spotify public artist page,,31321,2026-06-29T19:38:38+00:00,-849,-0.027106414226876537,-57.998314296693266,,,,,"Spotify Development Mode response does not expose track popularity, artist popularity, followers, or public cumulative track streams; monthly listeners are the study proxy.",7l918E7VsuvHmX2BC5m3WW,Masters of the Multiverse,album,2018-10-12,day,10,,884860241922,,C: (C) 2018 Limb Music,DET271817202,272000,1,2,False,True,False,rank,Middle,52.41,Middle,4.495849,14.0,55.0,4.48390096
week1_13july,2026-07-14T10:57:52+00:00,Spotify,Aysima Karçaaltıncaba,aaaaysimaaaa,Heavy Metal MCT,531GNQfZFLGveRbERYYUaw,https://open.spotify.com/playlist/531GNQfZFLGveRbERYYUaw,14,2026-07-03T10:35:53Z,aaaaysimaaaa,M054,Skull Fist,Better Late Than Never,Canada,2018,heavy metal,1RtW5EA4LO7nZHrgmgxCnJ,spotify:track:1RtW5EA4LO7nZHrgmgxCnJ,https://open.spotify.com/track/1RtW5EA4LO7nZHrgmgxCnJ,Better Late Than Never,Skull Fist,6V6MyDcytW48stIykhH937,Skull Fist,https://open.spotify.com/artist/6V6MyDcytW48stIykhH937,27036,Spotify public artist page,,27621,2026-06-29T19:38:38+00:00,-585,-0.021179537308569567,-39.96350278394059,,,,,"Spotify Development Mode response does not expose track popularity, artist popularity, followers, or public cumulative track streams; monthly listeners are the study proxy.",3lqmkqX4LwCR0zn0240o8G,Way of the Road,album,2018-10-26,day,9,,840588158386,,C: (C) 2018 NoiseArt Records & Merchandising GmbH; P: (P) 2018 NoiseArt Records & Merchandising GmbH,ATN261807207,287173,1,7,False,True,False,rank,Middle,48.80,Middle,4.441255,17.0,45.0,4.431942438
week1_13july,2026-07-14T10:57:52+00:00,Spotify,Aysima Karçaaltıncaba,aaaaysimaaaa,Heavy Metal MCT,531GNQfZFLGveRbERYYUaw,https://open.spotify.com/playlist/531GNQfZFLGveRbERYYUaw,15,2026-07-03T10:35:53Z,aaaaysimaaaa,M046,Orphaned Land,Like Orpheus,Israel,2018,heavy metal,2xT6dOB9HTQgP4WoR5ByI2,spotify:track:2xT6dOB9HTQgP4WoR5ByI2,https://open.spotify.com/track/2xT6dOB9HTQgP4WoR5ByI2,Like Orpheus,Orphaned Land,7xTMxqAmbtE0Nce5lz7t0h,Orphaned Land,https://open.spotify.com/artist/7xTMxqAmbtE0Nce5lz7t0h,28561,Spotify public artist page,,28978,2026-06-29T19:38:38+00:00,-417,-0.014390227068810822,-28.486804548552524,,,,,"Spotify Development Mode response does not expose track popularity, artist popularity, followers, or public cumulative track streams; monthly listeners are the study proxy.",7ud8TDf12TNhUDNrlNLF4s,Unsung Prophets And Dead Messiahs,album,2018-01-26,day,13,,886446783925,,P: (P) 2018 Century Media Records Ltd.,US4E41848607,274500,1,7,False,True,False,rank,Middle,50.00,Middle,4.462083,16.0,48.333333,4.455773409
week1_13july,2026-07-14T10:57:52+00:00,Spotify,Aysima Karçaaltıncaba,aaaaysimaaaa,Heavy Metal MCT,531GNQfZFLGveRbERYYUaw,https://open.spotify.com/playlist/531GNQfZFLGveRbERYYUaw,16,2026-07-03T10:35:53Z,aaaaysimaaaa,M006,Visigoth,Warrior Queen,United States,2015,heavy metal,6bzEx9m1sOsY2WgAjPjcVX,spotify:track:6bzEx9m1sOsY2WgAjPjcVX,https://open.spotify.com/track/6bzEx9m1sOsY2WgAjPjcVX,Warrior Queen,Visigoth,36Fw8K3uH9kPWEkZilzk86,Visigoth,https://open.spotify.com/artist/36Fw8K3uH9kPWEkZilzk86,24661,Spotify public artist page,,24956,2026-06-29T19:38:38+00:00,-295,-0.01182080461612438,-20.152535591901664,,,,,"Spotify Development Mode response does not expose track popularity, artist popularity, followers, or public cumulative track streams; monthly listeners are the study proxy.",1urUbqAPjzrHcTiP4GJlFr,Conqueror's Oath,album,2018-02-09,day,8,,039841930320,,"C: (C) 2018 Metal Blade Records, Inc.; P: (P) 2018 Metal Blade Records, Inc.",USMBR1812841,328751,1,2,False,True,False,rank,Middle,46.39,Middle,4.397192,18.0,41.666667,4.392010683
week1_13july,2026-07-14T10:57:52+00:00,Spotify,Aysima Karçaaltıncaba,aaaaysimaaaa,Heavy Metal MCT,531GNQfZFLGveRbERYYUaw,https://open.spotify.com/playlist/531GNQfZFLGveRbERYYUaw,17,2026-07-03T10:35:53Z,aaaaysimaaaa,M032,Vision Divine,Angel of Revenge,Italy,2018,power metal,4ktpjpQSF5GeX03fzd06EJ,spotify:track:4ktpjpQSF5GeX03fzd06EJ,https://open.spotify.com/track/4ktpjpQSF5GeX03fzd06EJ,Angel of Revenge,Vision Divine,5L6lO4X5v3GJpTkBg1BdW2,Vision Divine,https://open.spotify.com/artist/5L6lO4X5v3GJpTkBg1BdW2,22072,Spotify public artist page,,25610,2026-06-29T19:38:38+00:00,-3538,-0.13814916048418585,-241.6937997428749,,,,,"Spotify Development Mode response does not expose track popularity, artist popularity, followers, or public cumulative track streams; monthly listeners are the study proxy.",6i2YlWnGeQeQCYMCpTN22L,Angel of Revenge,single,2018-12-15,day,1,,4061707118418,,C: 2018 Lith Music; P: 2018 Lith Music,DEAR41838004,363316,1,1,False,True,False,rank,Middle,47.59,Middle,4.408427,19.0,38.333333,4.343841687
week1_13july,2026-07-14T10:57:52+00:00,Spotify,Aysima Karçaaltıncaba,aaaaysimaaaa,Heavy Metal MCT,531GNQfZFLGveRbERYYUaw,https://open.spotify.com/playlist/531GNQfZFLGveRbERYYUaw,18,2026-07-13T10:39:10Z,aaaaysimaaaa,M034,Shaman,Brand New Me,Brazil,2022,power metal,4O9EMs6XKGFLMMEqeHd0JQ,spotify:track:4O9EMs6XKGFLMMEqeHd0JQ,https://open.spotify.com/track/4O9EMs6XKGFLMMEqeHd0JQ,Brand New Me,Shaman,2THaGrUq7RPnj8Uax9zQ1m,Shaman,https://open.spotify.com/artist/2THaGrUq7RPnj8Uax9zQ1m,177615,Spotify public artist page,,193502,2026-06-29T19:38:38+00:00,-15887,-0.08210251056836622,-1085.2994337238704,,,,,"Spotify Development Mode response does not expose track popularity, artist popularity, followers, or public cumulative track streams; monthly listeners are the study proxy.",5aejBADrlcalPGif5STSbR,Rescue,album,2022-04-15,day,12,,798339219094,,C: 2022 Shaman Records; P: 2022 Shaman Records,BRHHU2200009,315666,1,9,False,True,False,rank,Middle,60.84,Middle,5.286688,12.0,61.666667,5.24947964
week1_13july,2026-07-14T10:57:52+00:00,Spotify,Aysima Karçaaltıncaba,aaaaysimaaaa,Heavy Metal MCT,531GNQfZFLGveRbERYYUaw,https://open.spotify.com/playlist/531GNQfZFLGveRbERYYUaw,19,2026-07-03T10:35:53Z,aaaaysimaaaa,M023,Civil War,Rome Is Falling,Sweden,2012,power metal,6oYAAgSsy3A5167QZl6Zb5,spotify:track:6oYAAgSsy3A5167QZl6Zb5,https://open.spotify.com/track/6oYAAgSsy3A5167QZl6Zb5,Rome Is Falling,Civil War,6lGzC0JJCotCU9QZ2Lgi8T,Civil War,https://open.spotify.com/artist/6lGzC0JJCotCU9QZ2Lgi8T,68740,Spotify public artist page,,68031,2026-06-29T19:38:38+00:00,709,0.01042171951022328,48.434399100536545,,,,,"Spotify Development Mode response does not expose track popularity, artist popularity, followers, or public cumulative track streams; monthly listeners are the study proxy.",5fM0rfo5JlJPdE6xuuMzyy,Rome Is Falling,single,2012-10-23,day,1,,07350049511221,,C: © 2012 Despotz Records; P: ℗ 2012 Despotz Records,SEXTE1202101,324423,1,1,False,True,False,rank,Middle,53.61,Middle,4.832713,13.0,58.333333,4.837209528
week1_13july,2026-07-14T10:57:52+00:00,Spotify,Aysima Karçaaltıncaba,aaaaysimaaaa,Heavy Metal MCT,531GNQfZFLGveRbERYYUaw,https://open.spotify.com/playlist/531GNQfZFLGveRbERYYUaw,20,2026-07-03T10:35:53Z,aaaaysimaaaa,M067,Pentagram,Geçmişin Yükü,Turkey,2012,heavy metal,11DYAaYg2bXqa2Vr8OpS4z,spotify:track:11DYAaYg2bXqa2Vr8OpS4z,https://open.spotify.com/track/11DYAaYg2bXqa2Vr8OpS4z,Geçmişin Yükü,Pentagram,1Xz8iP9Dvl5uI88iraOhs7,Pentagram,https://open.spotify.com/artist/1Xz8iP9Dvl5uI88iraOhs7,194248,Spotify public artist page,,198966,2026-06-29T19:38:38+00:00,-4718,-0.02371259411155675,-322.30394211048156,,,,,"Spotify Development Mode response does not expose track popularity, artist popularity, followers, or public cumulative track streams; monthly listeners are the study proxy.",4kkWxDC0n1hNt5BNnBvLQh,MMXII,album,2012-04-29,day,10,,886443466029,,P: (P) 2012 SONY MUSIC TURKEY,TRA161200036,304426,1,3,False,True,False,rank,Middle,62.05,Middle,5.298781,11.0,65.0,5.288356556
week1_13july,2026-07-14T10:57:52+00:00,Spotify,Aysima Karçaaltıncaba,aaaaysimaaaa,Heavy Metal MCT,531GNQfZFLGveRbERYYUaw,https://open.spotify.com/playlist/531GNQfZFLGveRbERYYUaw,21,2026-07-03T10:35:53Z,aaaaysimaaaa,M010,Helloween,Skyfall,Germany,2021,power metal,5lsqw3b9RryGa7NrhvdrMi,spotify:track:5lsqw3b9RryGa7NrhvdrMi,https://open.spotify.com/track/5lsqw3b9RryGa7NrhvdrMi,Skyfall,Helloween,4pQN0GB0fNEEOfQCaWotsY,Helloween,https://open.spotify.com/artist/4pQN0GB0fNEEOfQCaWotsY,1427374,Spotify public artist page,,1442999,2026-06-29T19:38:38+00:00,-15625,-0.010828143332046661,-1067.4012495710629,,,,,"Spotify Development Mode response does not expose track popularity, artist popularity, followers, or public cumulative track streams; monthly listeners are the study proxy.",7JsamDIQul4dSL9K3LMVdZ,Helloween,album,2021-06-18,day,14,,727361485863,,C: (C) 2021 Reigning Phoenix Music; P: (P) 2021 Reigning Phoenix Music,DED832001268,731230,1,12,False,True,False,rank,High,88.55,High,6.159266,6.0,81.666667,6.154537782
week1_13july,2026-07-14T10:57:52+00:00,Spotify,Aysima Karçaaltıncaba,aaaaysimaaaa,Heavy Metal MCT,531GNQfZFLGveRbERYYUaw,https://open.spotify.com/playlist/531GNQfZFLGveRbERYYUaw,22,2026-07-03T10:35:53Z,aaaaysimaaaa,M017,Saxon,Thunderbolt,United Kingdom,2018,heavy metal,0ViETXmkc9BrgimhkqREGr,spotify:track:0ViETXmkc9BrgimhkqREGr,https://open.spotify.com/track/0ViETXmkc9BrgimhkqREGr,Thunderbolt,Saxon,71vVmHeNgCVSa5SVmfvscU,Saxon,https://open.spotify.com/artist/71vVmHeNgCVSa5SVmfvscU,463847,Spotify public artist page,,472829,2026-06-29T19:38:38+00:00,-8982,-0.018996296758447558,-613.5934735134263,,,,,"Spotify Development Mode response does not expose track popularity, artist popularity, followers, or public cumulative track streams; monthly listeners are the study proxy.",771jyaKpscWoNVSWGMox4A,Thunderbolt,album,2018-02-02,day,12,,190296927317,,C: © 2017 Silver Lining Music Ltd; P: ℗ 2017 Silver Lining Music Ltd,UKKY81700135,239639,1,2,False,True,False,rank,High,75.30,High,5.674705,10.0,68.333333,5.666374752
week1_13july,2026-07-14T10:57:52+00:00,Spotify,Aysima Karçaaltıncaba,aaaaysimaaaa,Heavy Metal MCT,531GNQfZFLGveRbERYYUaw,https://open.spotify.com/playlist/531GNQfZFLGveRbERYYUaw,23,2026-07-03T10:35:53Z,aaaaysimaaaa,M047,The HU,Wolf Totem,Mongolia,2018,heavy metal,7LSn5it9bQhJqyfEq1PM3l,spotify:track:7LSn5it9bQhJqyfEq1PM3l,https://open.spotify.com/track/7LSn5it9bQhJqyfEq1PM3l,Wolf Totem,The HU,0b2B3PwcYzQAhuJacmcYgc,The HU,https://open.spotify.com/artist/0b2B3PwcYzQAhuJacmcYgc,1560226,Spotify public artist page,,1657676,2026-06-29T19:38:38+00:00,-97450,-0.05878712124685403,-6657.168113324804,,,,,"Spotify Development Mode response does not expose track popularity, artist popularity, followers, or public cumulative track streams; monthly listeners are the study proxy.",4Lge00PEnR7Xb2ZKPItrys,The Gereg (Deluxe Edition),album,2020-07-10,day,15,,849320085201,,C: 2020 Endurance Music Group; P: 2020 Endurance Music Group,TCADY1880557,338000,1,2,False,True,False,rank,High,89.76,High,6.219500,5.0,85.0,6.193187511
week1_13july,2026-07-14T10:57:52+00:00,Spotify,Aysima Karçaaltıncaba,aaaaysimaaaa,Heavy Metal MCT,531GNQfZFLGveRbERYYUaw,https://open.spotify.com/playlist/531GNQfZFLGveRbERYYUaw,24,2026-07-03T10:35:53Z,aaaaysimaaaa,M058,Volbeat,The Devil's Bleeding Crown,Denmark,2016,heavy metal,3TjQAc2PzWzlSDrnq61J1y,spotify:track:3TjQAc2PzWzlSDrnq61J1y,https://open.spotify.com/track/3TjQAc2PzWzlSDrnq61J1y,The Devil's Bleeding Crown,Volbeat,0L5fC7Ogm2YwgqVCRcF1bT,Volbeat,https://open.spotify.com/artist/0L5fC7Ogm2YwgqVCRcF1bT,4708532,Spotify public artist page,,4886124,2026-06-29T19:38:38+00:00,-177592,-0.036346191787191645,-12131.963053684747,,,,,"Spotify Development Mode response does not expose track popularity, artist popularity, followers, or public cumulative track streams; monthly listeners are the study proxy.",3v78ZZiv9L2Fb5x5fC8kVC,Seal The Deal & Let's Boogie (Deluxe),album,2016-06-03,day,17,,00602547805720,,"C: © 2016 VOLBEAT, under exclusive license to Vertigo/Capitol, a division of Universal Music GmbH; P: ℗ 2016 VOLBEAT, under exclusive license to Vertigo/Capitol, a division of Universal Music GmbH",DKNE11600101,238653,1,1,False,True,False,rank,High,94.58,High,6.688965,2.0,95.0,6.672885526
week1_13july,2026-07-14T10:57:52+00:00,Spotify,Aysima Karçaaltıncaba,aaaaysimaaaa,Heavy Metal MCT,531GNQfZFLGveRbERYYUaw,https://open.spotify.com/playlist/531GNQfZFLGveRbERYYUaw,25,2026-07-03T10:35:53Z,aaaaysimaaaa,M019,Sabaton,Bismarck,Sweden,2019,power metal,39m87lOMd5ccENPVvAT7gH,spotify:track:39m87lOMd5ccENPVvAT7gH,https://open.spotify.com/track/39m87lOMd5ccENPVvAT7gH,Bismarck,Sabaton,3o2dn2O0FCVsWDFSh8qxgG,Sabaton,https://open.spotify.com/artist/3o2dn2O0FCVsWDFSh8qxgG,3180780,Spotify public artist page,,3239085,2026-06-29T19:38:38+00:00,-58305,-0.018000453831869184,-3983.029110799412,,,,,"Spotify Development Mode response does not expose track popularity, artist popularity, followers, or public cumulative track streams; monthly listeners are the study proxy.",3RIq2tHWbtfYMZmd6tPTwY,Bismarck,single,2019-05-17,day,1,,3616402647278,,C: 2019 Stuffed Beaver Ltd.; P: 2019 Stuffed Beaver Ltd.,SE6HE1900101,313984,1,1,False,True,False,rank,High,92.17,High,6.510422,3.0,91.666667,6.502533632
week1_13july,2026-07-14T10:57:52+00:00,Spotify,Aysima Karçaaltıncaba,aaaaysimaaaa,Heavy Metal MCT,531GNQfZFLGveRbERYYUaw,https://open.spotify.com/playlist/531GNQfZFLGveRbERYYUaw,26,2026-07-03T10:35:53Z,aaaaysimaaaa,M025,Beast in Black,Blind and Frozen,Finland,2017,power metal,7iOSeHfKU2EhSKcX7TbjKG,spotify:track:7iOSeHfKU2EhSKcX7TbjKG,https://open.spotify.com/track/7iOSeHfKU2EhSKcX7TbjKG,Blind And Frozen,Beast In Black,0rEuaTPLMhlViNCJrg3NEH,Beast In Black,https://open.spotify.com/artist/0rEuaTPLMhlViNCJrg3NEH,1273833,Spotify public artist page,,1271062,2026-06-29T19:38:38+00:00,2771,0.002180066747334119,189.29720720393055,,,,,"Spotify Development Mode response does not expose track popularity, artist popularity, followers, or public cumulative track streams; monthly listeners are the study proxy.",499iZ0iesrciB5jO9jSOWx,Berserker,album,2017-11-03,day,12,,0727361421533,,C: 2017 Nuclear Blast; P: 2017 Nuclear Blast,DED831701293,304596,1,2,False,True,False,rank,High,87.35,High,6.104167,7.0,78.333333,6.105112496
week1_13july,2026-07-14T10:57:52+00:00,Spotify,Aysima Karçaaltıncaba,aaaaysimaaaa,Heavy Metal MCT,531GNQfZFLGveRbERYYUaw,https://open.spotify.com/playlist/531GNQfZFLGveRbERYYUaw,27,2026-07-03T10:35:53Z,aaaaysimaaaa,M011,Accept,Teutonic Terror,Germany,2010,heavy metal,3crIa21lfjekujCQuGjlJT,spotify:track:3crIa21lfjekujCQuGjlJT,https://open.spotify.com/track/3crIa21lfjekujCQuGjlJT,Teutonic Terror,Accept,3JDIAtVrJdQ7GFOX26LYpv,Accept,https://open.spotify.com/artist/3JDIAtVrJdQ7GFOX26LYpv,1157194,Spotify public artist page,,1213609,2026-06-29T19:38:38+00:00,-56415,-0.04648531775884984,-3853.9162556512965,,,,,"Spotify Development Mode response does not expose track popularity, artist popularity, followers, or public cumulative track streams; monthly listeners are the study proxy.",0sUtCw0dDv0KC8zrnxlmY4,Blood of the Nations,album,2010-08-20,day,13,,0727361260538,,C: 2010 Nuclear Blast; P: 2010 Nuclear Blast,DED831000251,313586,1,2,False,True,False,rank,High,86.14,High,6.084079,8.0,75.0,6.063406173
week1_13july,2026-07-14T10:57:52+00:00,Spotify,Aysima Karçaaltıncaba,aaaaysimaaaa,Heavy Metal MCT,531GNQfZFLGveRbERYYUaw,https://open.spotify.com/playlist/531GNQfZFLGveRbERYYUaw,28,2026-07-03T10:35:53Z,aaaaysimaaaa,M001,Metallica,Moth Into Flame,United States,2016,heavy metal,3JjZq20Kv6UphyyirAaY9A,spotify:track:3JjZq20Kv6UphyyirAaY9A,https://open.spotify.com/track/3JjZq20Kv6UphyyirAaY9A,Moth Into Flame,Metallica,2ye2Wgw4gimLv2eAKyk1NB,Metallica,https://open.spotify.com/artist/2ye2Wgw4gimLv2eAKyk1NB,32264982,Spotify public artist page,,32848505,2026-06-29T19:38:38+00:00,-583523,-0.01776406567056857,-39862.60347862114,,,,,"Spotify Development Mode response does not expose track popularity, artist popularity, followers, or public cumulative track streams; monthly listeners are the study proxy.",7LwifLL1anaEd9eIIfIkx7,Hardwired…To Self-Destruct,album,2016-11-18,day,12,,00602557156225,,"C: © 2016 Blackened Recordings Inc., under exclusive licence to Universal International Music B.V.; P: ℗ 2016 Blackened Recordings Inc., under exclusive licence to Universal International Music B.V.",QMKHM1600380,350644,1,4,False,True,False,rank,High,99.40,High,7.516516,1.0,98.333333,7.508731427
week1_13july,2026-07-14T10:57:52+00:00,Spotify,Aysima Karçaaltıncaba,aaaaysimaaaa,Heavy Metal MCT,531GNQfZFLGveRbERYYUaw,https://open.spotify.com/playlist/531GNQfZFLGveRbERYYUaw,29,2026-07-03T10:35:53Z,aaaaysimaaaa,M018,DragonForce,Cry Thunder,United Kingdom,2012,power metal,45W8En2qul3ljQKzIbsyT4,spotify:track:45W8En2qul3ljQKzIbsyT4,https://open.spotify.com/track/45W8En2qul3ljQKzIbsyT4,Cry Thunder,DragonForce,2pH3wEn4eYlMMIIQyKPbVR,DragonForce,https://open.spotify.com/artist/2pH3wEn4eYlMMIIQyKPbVR,1812944,Spotify public artist page,,1856073,2026-06-29T19:38:38+00:00,-43129,-0.02323669381538334,-2946.3007035360233,,,,,"Spotify Development Mode response does not expose track popularity, artist popularity, followers, or public cumulative track streams; monthly listeners are the study proxy.",4gDzHd64ZlZo1PfRT8pHU8,The Power Within,album,2012-04-17,day,10,,4029759094791,,C: 2015 Electric Generation Recordings Ltd. under exclusive license to Edel Germany GmbH. earMUSIC is a project of Edel.; P: 2015 Electric Generation Recordings Ltd. under exclusive license to Edel Germany GmbH. earMUSIC is a project of Edel.,DEH841500444,317613,1,3,False,True,False,rank,High,90.96,High,6.268595,4.0,88.333333,6.258384389
week1_13july,2026-07-14T10:57:52+00:00,Spotify,Aysima Karçaaltıncaba,aaaaysimaaaa,Heavy Metal MCT,531GNQfZFLGveRbERYYUaw,https://open.spotify.com/playlist/531GNQfZFLGveRbERYYUaw,30,2026-07-03T10:35:53Z,aaaaysimaaaa,M030,Wind Rose,Drunken Dwarves,Italy,2019,power metal,4qxK1lnNoYm1kevG69mhHU,spotify:track:4qxK1lnNoYm1kevG69mhHU,https://open.spotify.com/track/4qxK1lnNoYm1kevG69mhHU,Drunken Dwarves,Wind Rose,67ps5pbKVO7V9Fcb4lTIXz,Wind Rose,https://open.spotify.com/artist/67ps5pbKVO7V9Fcb4lTIXz,710153,Spotify public artist page,,723787,2026-06-29T19:38:38+00:00,-13634,-0.018837033547162357,-931.3887127457197,,,,,"Spotify Development Mode response does not expose track popularity, artist popularity, followers, or public cumulative track streams; monthly listeners are the study proxy.",41qphLDtonmyZmvO5gnoui,Wintersaga,album,2019-09-27,day,9,,840588127931,,C: (C) 2019 Napalm Records Handels GmbH; P: (P) 2019 Napalm Records Handels GmbH,ATN261985903,272767,1,3,False,True,False,rank,High,80.12,High,5.859611,9.0,71.666667,5.851351926
