snapshot_label,captured_at_utc,platform,source_account_display_name,source_account_id,requested_playlist_name,playlist_name,playlist_id,playlist_uri,playlist_url,playlist_description,playlist_owner_id,playlist_owner_display_name,playlist_public,playlist_collaborative,playlist_followers_total,playlist_snapshot_id,playlist_total_tracks,playlist_position,playlist_added_at,playlist_added_by_id,popularity_metric,popularity_metric_value,popularity_metric_display,popularity_metric_source,popularity_metric_is_approx,popularity_metric_fetch_error,spotify_track_id,spotify_uri,spotify_url,track_name,track_type,track_number,disc_number,duration_ms,duration_seconds,explicit,is_local,is_playable,preview_url,track_href,track_api_href,track_api_popularity,track_lookup_error,isrc,ean,upc,album_id,album_uri,album_url,album_name,album_type,album_group,album_total_tracks,album_release_date,album_release_date_precision,album_label,album_copyrights,album_genres,album_image_url,album_lookup_error,primary_artist_id,primary_artist_name,primary_artist_uri,primary_artist_url,primary_artist_genres,primary_artist_spotify_api_popularity,primary_artist_followers_total,primary_artist_monthly_listeners,primary_artist_monthly_listeners_display,primary_artist_monthly_listeners_is_approx,primary_artist_monthly_listeners_source,primary_artist_monthly_listeners_fetch_error,primary_artist_image_url,primary_artist_lookup_error,artist_ids,artist_names,artist_urls,artist_monthly_listeners_json,artists_json,available_markets_count,available_markets,external_urls_json,restrictions_json
week6_24august,2026-08-24T10:19:20+00:00,Spotify,Aysima Karçaaltıncaba,aaaaysimaaaa,Week6_User5,Week6_User5,2PCz3oSvNsZDzuaZ7BOTbQ,spotify:playlist:2PCz3oSvNsZDzuaZ7BOTbQ,https://open.spotify.com/playlist/2PCz3oSvNsZDzuaZ7BOTbQ,,aaaaysimaaaa,Aysima Karçaaltıncaba,True,False,0,AAAAAzGxDqYlLwDW0tLldxgd//qgc+l/,,1,2026-08-24T10:12:32Z,aaaaysimaaaa,primary_artist_monthly_listeners,626909,"626,909",Spotify public artist page,false,,6kVxgKhYwVW0Ljz63aA3TW,spotify:track:6kVxgKhYwVW0Ljz63aA3TW,https://open.spotify.com/track/6kVxgKhYwVW0Ljz63aA3TW,Bright Eyes - Remastered 2007,track,7,1,314973,314.973,False,False,True,,https://api.spotify.com/v1/tracks/6kVxgKhYwVW0Ljz63aA3TW,https://api.spotify.com/v1/tracks/6kVxgKhYwVW0Ljz63aA3TW,,,DED831701017,,,26B8ymdqbI7cBSGclGRy9w,spotify:album:26B8ymdqbI7cBSGclGRy9w,https://open.spotify.com/album/26B8ymdqbI7cBSGclGRy9w,Imaginations from the Other Side (Remastered 2007),album,,12,1995-04-04,day,,C: 2017 Nuclear Blast; P: 2017 Nuclear Blast,,https://i.scdn.co/image/ab67616d0000b273db934a22709329b44786be3d,,7jxJ25p0pPjk0MStloN6o6,Blind Guardian,spotify:artist:7jxJ25p0pPjk0MStloN6o6,https://open.spotify.com/artist/7jxJ25p0pPjk0MStloN6o6,,,,626909,"626,909",false,Spotify public artist page,,https://i.scdn.co/image/ab6761610000e5eb26139a78b669ae67aacde9f3,,7jxJ25p0pPjk0MStloN6o6,Blind Guardian,https://open.spotify.com/artist/7jxJ25p0pPjk0MStloN6o6,"[{""artist_id"": ""7jxJ25p0pPjk0MStloN6o6"", ""artist_name"": ""Blind Guardian"", ""artist_url"": ""https://open.spotify.com/artist/7jxJ25p0pPjk0MStloN6o6"", ""monthly_listeners"": ""626909"", ""monthly_listeners_display"": ""626,909"", ""is_approx"": ""false"", ""fetch_error"": """"}]","[{""artist_id"": ""7jxJ25p0pPjk0MStloN6o6"", ""artist_name"": ""Blind Guardian"", ""artist_uri"": ""spotify:artist:7jxJ25p0pPjk0MStloN6o6"", ""artist_url"": ""https://open.spotify.com/artist/7jxJ25p0pPjk0MStloN6o6"", ""artist_type"": ""artist"", ""artist_genres"": """", ""artist_spotify_api_popularity"": """", ""artist_followers_total"": """", ""artist_image_url"": ""https://i.scdn.co/image/ab6761610000e5eb26139a78b669ae67aacde9f3"", ""artist_lookup_error"": """", ""artist_monthly_listeners"": ""626909"", ""artist_monthly_listeners_display"": ""626,909"", ""artist_monthly_listeners_is_approx"": ""false"", ""artist_monthly_listeners_source"": ""Spotify public artist page"", ""artist_monthly_listeners_fetch_error"": """"}]",0,,"{""spotify"": ""https://open.spotify.com/track/6kVxgKhYwVW0Ljz63aA3TW""}",{}
week6_24august,2026-08-24T10:19:20+00:00,Spotify,Aysima Karçaaltıncaba,aaaaysimaaaa,Week6_User5,Week6_User5,2PCz3oSvNsZDzuaZ7BOTbQ,spotify:playlist:2PCz3oSvNsZDzuaZ7BOTbQ,https://open.spotify.com/playlist/2PCz3oSvNsZDzuaZ7BOTbQ,,aaaaysimaaaa,Aysima Karçaaltıncaba,True,False,0,AAAAAzGxDqYlLwDW0tLldxgd//qgc+l/,,2,2026-08-24T10:12:32Z,aaaaysimaaaa,primary_artist_monthly_listeners,890234,"890,234",Spotify public artist page,false,,0AqM32Ni3s9Sm0fTkvKU6U,spotify:track:0AqM32Ni3s9Sm0fTkvKU6U,https://open.spotify.com/track/0AqM32Ni3s9Sm0fTkvKU6U,Heeding the Call,track,1,1,270400,270.400,False,False,True,,https://api.spotify.com/v1/tracks/0AqM32Ni3s9Sm0fTkvKU6U,https://api.spotify.com/v1/tracks/0AqM32Ni3s9Sm0fTkvKU6U,,,DED839841601,,,4uy63xsAGgdSx0mXaQ1lfl,spotify:album:4uy63xsAGgdSx0mXaQ1lfl,https://open.spotify.com/album/4uy63xsAGgdSx0mXaQ1lfl,Legacy of Kings,album,,10,1998-09-28,day,,"C: 1998 HammerFall Managament, under exclusive license to Nuclear Blast GmbH; P: 1998 HammerFall Managament, under exclusive license to Nuclear Blast GmbH",,https://i.scdn.co/image/ab67616d0000b273c74508076e95a160cf40643f,,2o18h28enlHxj887tATc58,HammerFall,spotify:artist:2o18h28enlHxj887tATc58,https://open.spotify.com/artist/2o18h28enlHxj887tATc58,,,,890234,"890,234",false,Spotify public artist page,,https://i.scdn.co/image/ab6761610000e5eb9a0164f238589f0c0ca31088,,2o18h28enlHxj887tATc58,HammerFall,https://open.spotify.com/artist/2o18h28enlHxj887tATc58,"[{""artist_id"": ""2o18h28enlHxj887tATc58"", ""artist_name"": ""HammerFall"", ""artist_url"": ""https://open.spotify.com/artist/2o18h28enlHxj887tATc58"", ""monthly_listeners"": ""890234"", ""monthly_listeners_display"": ""890,234"", ""is_approx"": ""false"", ""fetch_error"": """"}]","[{""artist_id"": ""2o18h28enlHxj887tATc58"", ""artist_name"": ""HammerFall"", ""artist_uri"": ""spotify:artist:2o18h28enlHxj887tATc58"", ""artist_url"": ""https://open.spotify.com/artist/2o18h28enlHxj887tATc58"", ""artist_type"": ""artist"", ""artist_genres"": """", ""artist_spotify_api_popularity"": """", ""artist_followers_total"": """", ""artist_image_url"": ""https://i.scdn.co/image/ab6761610000e5eb9a0164f238589f0c0ca31088"", ""artist_lookup_error"": """", ""artist_monthly_listeners"": ""890234"", ""artist_monthly_listeners_display"": ""890,234"", ""artist_monthly_listeners_is_approx"": ""false"", ""artist_monthly_listeners_source"": ""Spotify public artist page"", ""artist_monthly_listeners_fetch_error"": """"}]",0,,"{""spotify"": ""https://open.spotify.com/track/0AqM32Ni3s9Sm0fTkvKU6U""}",{}
week6_24august,2026-08-24T10:19:20+00:00,Spotify,Aysima Karçaaltıncaba,aaaaysimaaaa,Week6_User5,Week6_User5,2PCz3oSvNsZDzuaZ7BOTbQ,spotify:playlist:2PCz3oSvNsZDzuaZ7BOTbQ,https://open.spotify.com/playlist/2PCz3oSvNsZDzuaZ7BOTbQ,,aaaaysimaaaa,Aysima Karçaaltıncaba,True,False,0,AAAAAzGxDqYlLwDW0tLldxgd//qgc+l/,,3,2026-08-24T10:12:32Z,aaaaysimaaaa,primary_artist_monthly_listeners,589266,"589,266",Spotify public artist page,false,,1Xan822a9yNbPIGJHW9R2R,spotify:track:1Xan822a9yNbPIGJHW9R2R,https://open.spotify.com/track/1Xan822a9yNbPIGJHW9R2R,The Final Sacrifice,track,5,1,301973,301.973,False,False,True,,https://api.spotify.com/v1/tracks/1Xan822a9yNbPIGJHW9R2R,https://api.spotify.com/v1/tracks/1Xan822a9yNbPIGJHW9R2R,,,DEZ900500291,,,4uXDvGLWSqdVuaZEIeMyNs,spotify:album:4uXDvGLWSqdVuaZEIeMyNs,https://open.spotify.com/album/4uXDvGLWSqdVuaZEIeMyNs,"The Metal Opera, Pt. 2",album,,10,2002-08-26,day,,C: 2002 AFM Records; P: 2002 AFM Records,,https://i.scdn.co/image/ab67616d0000b273e9a45a0cc00590e7997c94ac,,1Ih0fEQQsy9EeAJbYEeQRa,Avantasia,spotify:artist:1Ih0fEQQsy9EeAJbYEeQRa,https://open.spotify.com/artist/1Ih0fEQQsy9EeAJbYEeQRa,,,,589266,"589,266",false,Spotify public artist page,,https://i.scdn.co/image/ab6761610000e5eb28190c50d303fd27ed7c12ee,,1Ih0fEQQsy9EeAJbYEeQRa,Avantasia,https://open.spotify.com/artist/1Ih0fEQQsy9EeAJbYEeQRa,"[{""artist_id"": ""1Ih0fEQQsy9EeAJbYEeQRa"", ""artist_name"": ""Avantasia"", ""artist_url"": ""https://open.spotify.com/artist/1Ih0fEQQsy9EeAJbYEeQRa"", ""monthly_listeners"": ""589266"", ""monthly_listeners_display"": ""589,266"", ""is_approx"": ""false"", ""fetch_error"": """"}]","[{""artist_id"": ""1Ih0fEQQsy9EeAJbYEeQRa"", ""artist_name"": ""Avantasia"", ""artist_uri"": ""spotify:artist:1Ih0fEQQsy9EeAJbYEeQRa"", ""artist_url"": ""https://open.spotify.com/artist/1Ih0fEQQsy9EeAJbYEeQRa"", ""artist_type"": ""artist"", ""artist_genres"": """", ""artist_spotify_api_popularity"": """", ""artist_followers_total"": """", ""artist_image_url"": ""https://i.scdn.co/image/ab6761610000e5eb28190c50d303fd27ed7c12ee"", ""artist_lookup_error"": """", ""artist_monthly_listeners"": ""589266"", ""artist_monthly_listeners_display"": ""589,266"", ""artist_monthly_listeners_is_approx"": ""false"", ""artist_monthly_listeners_source"": ""Spotify public artist page"", ""artist_monthly_listeners_fetch_error"": """"}]",0,,"{""spotify"": ""https://open.spotify.com/track/1Xan822a9yNbPIGJHW9R2R""}",{}
week6_24august,2026-08-24T10:19:20+00:00,Spotify,Aysima Karçaaltıncaba,aaaaysimaaaa,Week6_User5,Week6_User5,2PCz3oSvNsZDzuaZ7BOTbQ,spotify:playlist:2PCz3oSvNsZDzuaZ7BOTbQ,https://open.spotify.com/playlist/2PCz3oSvNsZDzuaZ7BOTbQ,,aaaaysimaaaa,Aysima Karçaaltıncaba,True,False,0,AAAAAzGxDqYlLwDW0tLldxgd//qgc+l/,,4,2026-08-24T10:12:32Z,aaaaysimaaaa,primary_artist_monthly_listeners,183936,"183,936",Spotify public artist page,false,,7aWsVcCaWQxgtFzzmD2SSG,spotify:track:7aWsVcCaWQxgtFzzmD2SSG,https://open.spotify.com/track/7aWsVcCaWQxgtFzzmD2SSG,Rebellion in Dreamland - Remastered,track,11,1,526259,526.259,False,False,True,,https://api.spotify.com/v1/tracks/7aWsVcCaWQxgtFzzmD2SSG,https://api.spotify.com/v1/tracks/7aWsVcCaWQxgtFzzmD2SSG,,,DEH841400594,,,09ZD2k6FieGjzoVGrQdsAC,spotify:album:09ZD2k6FieGjzoVGrQdsAC,https://open.spotify.com/album/09ZD2k6FieGjzoVGrQdsAC,The Best (Of),album,,25,2015-01-30,day,,C: 2015 Edel Germany GmbH. earMUSIC is a project of Edel.; P: 2015 Gamma Ray/Edel Germany GmbH. earMUSIC is a project of Edel.,,https://i.scdn.co/image/ab67616d0000b27313798fb371ec0a571efb7614,,6LZE884lDIsCSLHuTplfGp,Gamma Ray,spotify:artist:6LZE884lDIsCSLHuTplfGp,https://open.spotify.com/artist/6LZE884lDIsCSLHuTplfGp,,,,183936,"183,936",false,Spotify public artist page,,https://i.scdn.co/image/ab6772690000c46c1110b1a024312710e7c796c4,,6LZE884lDIsCSLHuTplfGp,Gamma Ray,https://open.spotify.com/artist/6LZE884lDIsCSLHuTplfGp,"[{""artist_id"": ""6LZE884lDIsCSLHuTplfGp"", ""artist_name"": ""Gamma Ray"", ""artist_url"": ""https://open.spotify.com/artist/6LZE884lDIsCSLHuTplfGp"", ""monthly_listeners"": ""183936"", ""monthly_listeners_display"": ""183,936"", ""is_approx"": ""false"", ""fetch_error"": """"}]","[{""artist_id"": ""6LZE884lDIsCSLHuTplfGp"", ""artist_name"": ""Gamma Ray"", ""artist_uri"": ""spotify:artist:6LZE884lDIsCSLHuTplfGp"", ""artist_url"": ""https://open.spotify.com/artist/6LZE884lDIsCSLHuTplfGp"", ""artist_type"": ""artist"", ""artist_genres"": """", ""artist_spotify_api_popularity"": """", ""artist_followers_total"": """", ""artist_image_url"": ""https://i.scdn.co/image/ab6772690000c46c1110b1a024312710e7c796c4"", ""artist_lookup_error"": """", ""artist_monthly_listeners"": ""183936"", ""artist_monthly_listeners_display"": ""183,936"", ""artist_monthly_listeners_is_approx"": ""false"", ""artist_monthly_listeners_source"": ""Spotify public artist page"", ""artist_monthly_listeners_fetch_error"": """"}]",0,,"{""spotify"": ""https://open.spotify.com/track/7aWsVcCaWQxgtFzzmD2SSG""}",{}
week6_24august,2026-08-24T10:19:20+00:00,Spotify,Aysima Karçaaltıncaba,aaaaysimaaaa,Week6_User5,Week6_User5,2PCz3oSvNsZDzuaZ7BOTbQ,spotify:playlist:2PCz3oSvNsZDzuaZ7BOTbQ,https://open.spotify.com/playlist/2PCz3oSvNsZDzuaZ7BOTbQ,,aaaaysimaaaa,Aysima Karçaaltıncaba,True,False,0,AAAAAzGxDqYlLwDW0tLldxgd//qgc+l/,,5,2026-08-24T10:12:32Z,aaaaysimaaaa,primary_artist_monthly_listeners,28128,"28,128",Spotify public artist page,false,,6rPaw0xYJ1al8NlLmSlqBm,spotify:track:6rPaw0xYJ1al8NlLmSlqBm,https://open.spotify.com/track/6rPaw0xYJ1al8NlLmSlqBm,All Is One,track,1,1,270346,270.346,False,False,True,,https://api.spotify.com/v1/tracks/6rPaw0xYJ1al8NlLmSlqBm,https://api.spotify.com/v1/tracks/6rPaw0xYJ1al8NlLmSlqBm,,,US4E41305201,,,5OKSK5AV8iZqXSgv4V3YNx,spotify:album:5OKSK5AV8iZqXSgv4V3YNx,https://open.spotify.com/album/5OKSK5AV8iZqXSgv4V3YNx,All Is One (Deluxe Edition),album,,14,2013-04-03,day,,"P: (P) 2013 Century Media Records, Ltd.",,https://i.scdn.co/image/ab67616d0000b27397209a18a5ade360948c58fd,,7xTMxqAmbtE0Nce5lz7t0h,Orphaned Land,spotify:artist:7xTMxqAmbtE0Nce5lz7t0h,https://open.spotify.com/artist/7xTMxqAmbtE0Nce5lz7t0h,,,,28128,"28,128",false,Spotify public artist page,,https://i.scdn.co/image/ab6761610000e5eb57fa807b972641f73df43af7,,7xTMxqAmbtE0Nce5lz7t0h,Orphaned Land,https://open.spotify.com/artist/7xTMxqAmbtE0Nce5lz7t0h,"[{""artist_id"": ""7xTMxqAmbtE0Nce5lz7t0h"", ""artist_name"": ""Orphaned Land"", ""artist_url"": ""https://open.spotify.com/artist/7xTMxqAmbtE0Nce5lz7t0h"", ""monthly_listeners"": ""28128"", ""monthly_listeners_display"": ""28,128"", ""is_approx"": ""false"", ""fetch_error"": """"}]","[{""artist_id"": ""7xTMxqAmbtE0Nce5lz7t0h"", ""artist_name"": ""Orphaned Land"", ""artist_uri"": ""spotify:artist:7xTMxqAmbtE0Nce5lz7t0h"", ""artist_url"": ""https://open.spotify.com/artist/7xTMxqAmbtE0Nce5lz7t0h"", ""artist_type"": ""artist"", ""artist_genres"": """", ""artist_spotify_api_popularity"": """", ""artist_followers_total"": """", ""artist_image_url"": ""https://i.scdn.co/image/ab6761610000e5eb57fa807b972641f73df43af7"", ""artist_lookup_error"": """", ""artist_monthly_listeners"": ""28128"", ""artist_monthly_listeners_display"": ""28,128"", ""artist_monthly_listeners_is_approx"": ""false"", ""artist_monthly_listeners_source"": ""Spotify public artist page"", ""artist_monthly_listeners_fetch_error"": """"}]",0,,"{""spotify"": ""https://open.spotify.com/track/6rPaw0xYJ1al8NlLmSlqBm""}",{}
week6_24august,2026-08-24T10:19:20+00:00,Spotify,Aysima Karçaaltıncaba,aaaaysimaaaa,Week6_User5,Week6_User5,2PCz3oSvNsZDzuaZ7BOTbQ,spotify:playlist:2PCz3oSvNsZDzuaZ7BOTbQ,https://open.spotify.com/playlist/2PCz3oSvNsZDzuaZ7BOTbQ,,aaaaysimaaaa,Aysima Karçaaltıncaba,True,False,0,AAAAAzGxDqYlLwDW0tLldxgd//qgc+l/,,6,2026-08-24T10:12:32Z,aaaaysimaaaa,primary_artist_monthly_listeners,169964,"169,964",Spotify public artist page,false,,7BstGdOO0UoQATL6UsFCzb,spotify:track:7BstGdOO0UoQATL6UsFCzb,https://open.spotify.com/track/7BstGdOO0UoQATL6UsFCzb,Enlighten Me,track,2,1,277866,277.866,False,False,True,,https://api.spotify.com/v1/tracks/7BstGdOO0UoQATL6UsFCzb,https://api.spotify.com/v1/tracks/7BstGdOO0UoQATL6UsFCzb,,,DET970200002,,,6FxqNK88NImuiMIpCrTZee,spotify:album:6FxqNK88NImuiMIpCrTZee,https://open.spotify.com/album/6FxqNK88NImuiMIpCrTZee,Masterplan,album,,11,2003-01-20,day,,C: 2003 AFM Records; P: 2003 AFM Records,,https://i.scdn.co/image/ab67616d0000b2737479397fc56803ba3511fd1c,,1OHNvr18TssBKYK0A75yvx,Masterplan,spotify:artist:1OHNvr18TssBKYK0A75yvx,https://open.spotify.com/artist/1OHNvr18TssBKYK0A75yvx,,,,169964,"169,964",false,Spotify public artist page,,https://i.scdn.co/image/ab6761610000e5eb8cfdd5ee976e9da4af82d208,,1OHNvr18TssBKYK0A75yvx,Masterplan,https://open.spotify.com/artist/1OHNvr18TssBKYK0A75yvx,"[{""artist_id"": ""1OHNvr18TssBKYK0A75yvx"", ""artist_name"": ""Masterplan"", ""artist_url"": ""https://open.spotify.com/artist/1OHNvr18TssBKYK0A75yvx"", ""monthly_listeners"": ""169964"", ""monthly_listeners_display"": ""169,964"", ""is_approx"": ""false"", ""fetch_error"": """"}]","[{""artist_id"": ""1OHNvr18TssBKYK0A75yvx"", ""artist_name"": ""Masterplan"", ""artist_uri"": ""spotify:artist:1OHNvr18TssBKYK0A75yvx"", ""artist_url"": ""https://open.spotify.com/artist/1OHNvr18TssBKYK0A75yvx"", ""artist_type"": ""artist"", ""artist_genres"": """", ""artist_spotify_api_popularity"": """", ""artist_followers_total"": """", ""artist_image_url"": ""https://i.scdn.co/image/ab6761610000e5eb8cfdd5ee976e9da4af82d208"", ""artist_lookup_error"": """", ""artist_monthly_listeners"": ""169964"", ""artist_monthly_listeners_display"": ""169,964"", ""artist_monthly_listeners_is_approx"": ""false"", ""artist_monthly_listeners_source"": ""Spotify public artist page"", ""artist_monthly_listeners_fetch_error"": """"}]",0,,"{""spotify"": ""https://open.spotify.com/track/7BstGdOO0UoQATL6UsFCzb""}",{}
week6_24august,2026-08-24T10:19:20+00:00,Spotify,Aysima Karçaaltıncaba,aaaaysimaaaa,Week6_User5,Week6_User5,2PCz3oSvNsZDzuaZ7BOTbQ,spotify:playlist:2PCz3oSvNsZDzuaZ7BOTbQ,https://open.spotify.com/playlist/2PCz3oSvNsZDzuaZ7BOTbQ,,aaaaysimaaaa,Aysima Karçaaltıncaba,True,False,0,AAAAAzGxDqYlLwDW0tLldxgd//qgc+l/,,7,2026-08-24T10:12:32Z,aaaaysimaaaa,primary_artist_monthly_listeners,467602,"467,602",Spotify public artist page,false,,0WTbXgGmirq6A9LfzHg2uA,spotify:track:0WTbXgGmirq6A9LfzHg2uA,https://open.spotify.com/track/0WTbXgGmirq6A9LfzHg2uA,The Cage,track,3,1,275440,275.440,False,False,True,,https://api.spotify.com/v1/tracks/0WTbXgGmirq6A9LfzHg2uA,https://api.spotify.com/v1/tracks/0WTbXgGmirq6A9LfzHg2uA,,,FISFS0200076,,,1EGK8WqziPuJEKAO1fdCkJ,spotify:album:1EGK8WqziPuJEKAO1fdCkJ,https://open.spotify.com/album/1EGK8WqziPuJEKAO1fdCkJ,Winterheart's Guild,album,,10,2002-01-01,day,,C: 2002 Spin-Farm Oy; P: 2002 Spin-Farm Oy,,https://i.scdn.co/image/ab67616d0000b2732b7e571002b007ce6f687d69,,5YeoQ1L71cXDMpSpqxOjfH,Sonata Arctica,spotify:artist:5YeoQ1L71cXDMpSpqxOjfH,https://open.spotify.com/artist/5YeoQ1L71cXDMpSpqxOjfH,,,,467602,"467,602",false,Spotify public artist page,,https://i.scdn.co/image/ab6761610000e5eb3c36e8b69cb376bf869aedc2,,5YeoQ1L71cXDMpSpqxOjfH,Sonata Arctica,https://open.spotify.com/artist/5YeoQ1L71cXDMpSpqxOjfH,"[{""artist_id"": ""5YeoQ1L71cXDMpSpqxOjfH"", ""artist_name"": ""Sonata Arctica"", ""artist_url"": ""https://open.spotify.com/artist/5YeoQ1L71cXDMpSpqxOjfH"", ""monthly_listeners"": ""467602"", ""monthly_listeners_display"": ""467,602"", ""is_approx"": ""false"", ""fetch_error"": """"}]","[{""artist_id"": ""5YeoQ1L71cXDMpSpqxOjfH"", ""artist_name"": ""Sonata Arctica"", ""artist_uri"": ""spotify:artist:5YeoQ1L71cXDMpSpqxOjfH"", ""artist_url"": ""https://open.spotify.com/artist/5YeoQ1L71cXDMpSpqxOjfH"", ""artist_type"": ""artist"", ""artist_genres"": """", ""artist_spotify_api_popularity"": """", ""artist_followers_total"": """", ""artist_image_url"": ""https://i.scdn.co/image/ab6761610000e5eb3c36e8b69cb376bf869aedc2"", ""artist_lookup_error"": """", ""artist_monthly_listeners"": ""467602"", ""artist_monthly_listeners_display"": ""467,602"", ""artist_monthly_listeners_is_approx"": ""false"", ""artist_monthly_listeners_source"": ""Spotify public artist page"", ""artist_monthly_listeners_fetch_error"": """"}]",0,,"{""spotify"": ""https://open.spotify.com/track/0WTbXgGmirq6A9LfzHg2uA""}",{}
week6_24august,2026-08-24T10:19:20+00:00,Spotify,Aysima Karçaaltıncaba,aaaaysimaaaa,Week6_User5,Week6_User5,2PCz3oSvNsZDzuaZ7BOTbQ,spotify:playlist:2PCz3oSvNsZDzuaZ7BOTbQ,https://open.spotify.com/playlist/2PCz3oSvNsZDzuaZ7BOTbQ,,aaaaysimaaaa,Aysima Karçaaltıncaba,True,False,0,AAAAAzGxDqYlLwDW0tLldxgd//qgc+l/,,8,2026-08-24T10:12:32Z,aaaaysimaaaa,primary_artist_monthly_listeners,385723,"385,723",Spotify public artist page,false,,6pjNn6eqej3XC0pM7K5pmz,spotify:track:6pjNn6eqej3XC0pM7K5pmz,https://open.spotify.com/track/6pjNn6eqej3XC0pM7K5pmz,Land of Immortals,track,7,1,293986,293.986,False,False,True,,https://api.spotify.com/v1/tracks/6pjNn6eqej3XC0pM7K5pmz,https://api.spotify.com/v1/tracks/6pjNn6eqej3XC0pM7K5pmz,,,DET279700107,,,4VTthS6o2pV12cux2FSXRS,spotify:album:4VTthS6o2pV12cux2FSXRS,https://open.spotify.com/album/4VTthS6o2pV12cux2FSXRS,Legendary Tales,album,,10,1997,year,,C: (C) 1997 Limb Music,,https://i.scdn.co/image/ab67616d0000b2733b3b1827752bd8b19936a95b,,0zQfrabOFYf36Ikb6PXcCY,Rhapsody,spotify:artist:0zQfrabOFYf36Ikb6PXcCY,https://open.spotify.com/artist/0zQfrabOFYf36Ikb6PXcCY,,,,385723,"385,723",false,Spotify public artist page,,https://i.scdn.co/image/ab6761610000e5eb902fae03243cae6e08caf99a,,0zQfrabOFYf36Ikb6PXcCY,Rhapsody,https://open.spotify.com/artist/0zQfrabOFYf36Ikb6PXcCY,"[{""artist_id"": ""0zQfrabOFYf36Ikb6PXcCY"", ""artist_name"": ""Rhapsody"", ""artist_url"": ""https://open.spotify.com/artist/0zQfrabOFYf36Ikb6PXcCY"", ""monthly_listeners"": ""385723"", ""monthly_listeners_display"": ""385,723"", ""is_approx"": ""false"", ""fetch_error"": """"}]","[{""artist_id"": ""0zQfrabOFYf36Ikb6PXcCY"", ""artist_name"": ""Rhapsody"", ""artist_uri"": ""spotify:artist:0zQfrabOFYf36Ikb6PXcCY"", ""artist_url"": ""https://open.spotify.com/artist/0zQfrabOFYf36Ikb6PXcCY"", ""artist_type"": ""artist"", ""artist_genres"": """", ""artist_spotify_api_popularity"": """", ""artist_followers_total"": """", ""artist_image_url"": ""https://i.scdn.co/image/ab6761610000e5eb902fae03243cae6e08caf99a"", ""artist_lookup_error"": """", ""artist_monthly_listeners"": ""385723"", ""artist_monthly_listeners_display"": ""385,723"", ""artist_monthly_listeners_is_approx"": ""false"", ""artist_monthly_listeners_source"": ""Spotify public artist page"", ""artist_monthly_listeners_fetch_error"": """"}]",0,,"{""spotify"": ""https://open.spotify.com/track/6pjNn6eqej3XC0pM7K5pmz""}",{}
week6_24august,2026-08-24T10:19:20+00:00,Spotify,Aysima Karçaaltıncaba,aaaaysimaaaa,Week6_User5,Week6_User5,2PCz3oSvNsZDzuaZ7BOTbQ,spotify:playlist:2PCz3oSvNsZDzuaZ7BOTbQ,https://open.spotify.com/playlist/2PCz3oSvNsZDzuaZ7BOTbQ,,aaaaysimaaaa,Aysima Karçaaltıncaba,True,False,0,AAAAAzGxDqYlLwDW0tLldxgd//qgc+l/,,9,2026-08-24T10:12:32Z,aaaaysimaaaa,primary_artist_monthly_listeners,34815,"34,815",Spotify public artist page,false,,5RLWQvZQ4GtcsmBKFkDgiR,spotify:track:5RLWQvZQ4GtcsmBKFkDgiR,https://open.spotify.com/track/5RLWQvZQ4GtcsmBKFkDgiR,Let the Demons Free,track,1,1,239160,239.160,False,False,True,,https://api.spotify.com/v1/tracks/5RLWQvZQ4GtcsmBKFkDgiR,https://api.spotify.com/v1/tracks/5RLWQvZQ4GtcsmBKFkDgiR,,,DED830274101,,,1sTLIU5psuqq5iSNnATYSO,spotify:album:1sTLIU5psuqq5iSNnATYSO,https://open.spotify.com/album/1sTLIU5psuqq5iSNnATYSO,Thunderstone,album,,10,2002-06-24,day,,C: 2002 Nuclear Blast; P: 2002 Nuclear Blast,,https://i.scdn.co/image/ab67616d0000b273bb0fe520add231163568d0bf,,5FLzywPMVGQ62kSD3X0M8q,Thunderstone,spotify:artist:5FLzywPMVGQ62kSD3X0M8q,https://open.spotify.com/artist/5FLzywPMVGQ62kSD3X0M8q,,,,34815,"34,815",false,Spotify public artist page,,https://i.scdn.co/image/e7337e3e4dabda6800c5217b961c3000e5a29de2,,5FLzywPMVGQ62kSD3X0M8q,Thunderstone,https://open.spotify.com/artist/5FLzywPMVGQ62kSD3X0M8q,"[{""artist_id"": ""5FLzywPMVGQ62kSD3X0M8q"", ""artist_name"": ""Thunderstone"", ""artist_url"": ""https://open.spotify.com/artist/5FLzywPMVGQ62kSD3X0M8q"", ""monthly_listeners"": ""34815"", ""monthly_listeners_display"": ""34,815"", ""is_approx"": ""false"", ""fetch_error"": """"}]","[{""artist_id"": ""5FLzywPMVGQ62kSD3X0M8q"", ""artist_name"": ""Thunderstone"", ""artist_uri"": ""spotify:artist:5FLzywPMVGQ62kSD3X0M8q"", ""artist_url"": ""https://open.spotify.com/artist/5FLzywPMVGQ62kSD3X0M8q"", ""artist_type"": ""artist"", ""artist_genres"": """", ""artist_spotify_api_popularity"": """", ""artist_followers_total"": """", ""artist_image_url"": ""https://i.scdn.co/image/e7337e3e4dabda6800c5217b961c3000e5a29de2"", ""artist_lookup_error"": """", ""artist_monthly_listeners"": ""34815"", ""artist_monthly_listeners_display"": ""34,815"", ""artist_monthly_listeners_is_approx"": ""false"", ""artist_monthly_listeners_source"": ""Spotify public artist page"", ""artist_monthly_listeners_fetch_error"": """"}]",0,,"{""spotify"": ""https://open.spotify.com/track/5RLWQvZQ4GtcsmBKFkDgiR""}",{}
week6_24august,2026-08-24T10:19:20+00:00,Spotify,Aysima Karçaaltıncaba,aaaaysimaaaa,Week6_User5,Week6_User5,2PCz3oSvNsZDzuaZ7BOTbQ,spotify:playlist:2PCz3oSvNsZDzuaZ7BOTbQ,https://open.spotify.com/playlist/2PCz3oSvNsZDzuaZ7BOTbQ,,aaaaysimaaaa,Aysima Karçaaltıncaba,True,False,0,AAAAAzGxDqYlLwDW0tLldxgd//qgc+l/,,10,2026-08-24T10:12:32Z,aaaaysimaaaa,primary_artist_monthly_listeners,1059778,"1,059,778",Spotify public artist page,false,,53zEH16SvfaD4WeaSXQ1pk,spotify:track:53zEH16SvfaD4WeaSXQ1pk,https://open.spotify.com/track/53zEH16SvfaD4WeaSXQ1pk,Fight Until We Die,track,11,1,243044,243.044,False,False,True,,https://api.spotify.com/v1/tracks/53zEH16SvfaD4WeaSXQ1pk,https://api.spotify.com/v1/tracks/53zEH16SvfaD4WeaSXQ1pk,,,DED830263211,,,4ncHBqf9da4Y3qosIxnrnJ,spotify:album:4ncHBqf9da4Y3qosIxnrnJ,https://open.spotify.com/album/4ncHBqf9da4Y3qosIxnrnJ,Warriors of the World,album,,11,2002-06-02,day,,"C: 2002 First Commandment, LLC; P: 2002 First Commandment, LLC",,https://i.scdn.co/image/ab67616d0000b273cc73b2dbc41e66e26090aca7,,4CzUzn54Cp9TQr6a7JIlMZ,Manowar,spotify:artist:4CzUzn54Cp9TQr6a7JIlMZ,https://open.spotify.com/artist/4CzUzn54Cp9TQr6a7JIlMZ,,,,1059778,"1,059,778",false,Spotify public artist page,,https://i.scdn.co/image/ab6761610000e5eba4780fe15900fbd223cd4f48,,4CzUzn54Cp9TQr6a7JIlMZ,Manowar,https://open.spotify.com/artist/4CzUzn54Cp9TQr6a7JIlMZ,"[{""artist_id"": ""4CzUzn54Cp9TQr6a7JIlMZ"", ""artist_name"": ""Manowar"", ""artist_url"": ""https://open.spotify.com/artist/4CzUzn54Cp9TQr6a7JIlMZ"", ""monthly_listeners"": ""1059778"", ""monthly_listeners_display"": ""1,059,778"", ""is_approx"": ""false"", ""fetch_error"": """"}]","[{""artist_id"": ""4CzUzn54Cp9TQr6a7JIlMZ"", ""artist_name"": ""Manowar"", ""artist_uri"": ""spotify:artist:4CzUzn54Cp9TQr6a7JIlMZ"", ""artist_url"": ""https://open.spotify.com/artist/4CzUzn54Cp9TQr6a7JIlMZ"", ""artist_type"": ""artist"", ""artist_genres"": """", ""artist_spotify_api_popularity"": """", ""artist_followers_total"": """", ""artist_image_url"": ""https://i.scdn.co/image/ab6761610000e5eba4780fe15900fbd223cd4f48"", ""artist_lookup_error"": """", ""artist_monthly_listeners"": ""1059778"", ""artist_monthly_listeners_display"": ""1,059,778"", ""artist_monthly_listeners_is_approx"": ""false"", ""artist_monthly_listeners_source"": ""Spotify public artist page"", ""artist_monthly_listeners_fetch_error"": """"}]",0,,"{""spotify"": ""https://open.spotify.com/track/53zEH16SvfaD4WeaSXQ1pk""}",{}
week6_24august,2026-08-24T10:19:20+00:00,Spotify,Aysima Karçaaltıncaba,aaaaysimaaaa,Week6_User5,Week6_User5,2PCz3oSvNsZDzuaZ7BOTbQ,spotify:playlist:2PCz3oSvNsZDzuaZ7BOTbQ,https://open.spotify.com/playlist/2PCz3oSvNsZDzuaZ7BOTbQ,,aaaaysimaaaa,Aysima Karçaaltıncaba,True,False,0,AAAAAzGxDqYlLwDW0tLldxgd//qgc+l/,,11,2026-08-24T10:12:32Z,aaaaysimaaaa,primary_artist_monthly_listeners,73716,"73,716",Spotify public artist page,false,,1mgbrEMLKoluaruVHx0RXw,spotify:track:1mgbrEMLKoluaruVHx0RXw,https://open.spotify.com/track/1mgbrEMLKoluaruVHx0RXw,Maid of Orleans,track,3,1,304893,304.893,False,False,True,,https://api.spotify.com/v1/tracks/1mgbrEMLKoluaruVHx0RXw,https://api.spotify.com/v1/tracks/1mgbrEMLKoluaruVHx0RXw,,,QMDA61892437,,,6Xl2ObL7qQYilcxjbYShjO,spotify:album:6Xl2ObL7qQYilcxjbYShjO,https://open.spotify.com/album/6Xl2ObL7qQYilcxjbYShjO,The Hall of the Olden Dreams,album,,12,2000,year,,C: (C) 2000 Dark Moor; P: (P) 2000 Dark Moor,,https://i.scdn.co/image/ab67616d0000b273931051abb3a327bef5b04ceb,,0YWKRTzA4kBceGwjywtMkh,Dark Moor,spotify:artist:0YWKRTzA4kBceGwjywtMkh,https://open.spotify.com/artist/0YWKRTzA4kBceGwjywtMkh,,,,73716,"73,716",false,Spotify public artist page,,https://i.scdn.co/image/ab6761610000e5eb1c7310cc250682db4e9748aa,,0YWKRTzA4kBceGwjywtMkh,Dark Moor,https://open.spotify.com/artist/0YWKRTzA4kBceGwjywtMkh,"[{""artist_id"": ""0YWKRTzA4kBceGwjywtMkh"", ""artist_name"": ""Dark Moor"", ""artist_url"": ""https://open.spotify.com/artist/0YWKRTzA4kBceGwjywtMkh"", ""monthly_listeners"": ""73716"", ""monthly_listeners_display"": ""73,716"", ""is_approx"": ""false"", ""fetch_error"": """"}]","[{""artist_id"": ""0YWKRTzA4kBceGwjywtMkh"", ""artist_name"": ""Dark Moor"", ""artist_uri"": ""spotify:artist:0YWKRTzA4kBceGwjywtMkh"", ""artist_url"": ""https://open.spotify.com/artist/0YWKRTzA4kBceGwjywtMkh"", ""artist_type"": ""artist"", ""artist_genres"": """", ""artist_spotify_api_popularity"": """", ""artist_followers_total"": """", ""artist_image_url"": ""https://i.scdn.co/image/ab6761610000e5eb1c7310cc250682db4e9748aa"", ""artist_lookup_error"": """", ""artist_monthly_listeners"": ""73716"", ""artist_monthly_listeners_display"": ""73,716"", ""artist_monthly_listeners_is_approx"": ""false"", ""artist_monthly_listeners_source"": ""Spotify public artist page"", ""artist_monthly_listeners_fetch_error"": """"}]",0,,"{""spotify"": ""https://open.spotify.com/track/1mgbrEMLKoluaruVHx0RXw""}",{}
week6_24august,2026-08-24T10:19:20+00:00,Spotify,Aysima Karçaaltıncaba,aaaaysimaaaa,Week6_User5,Week6_User5,2PCz3oSvNsZDzuaZ7BOTbQ,spotify:playlist:2PCz3oSvNsZDzuaZ7BOTbQ,https://open.spotify.com/playlist/2PCz3oSvNsZDzuaZ7BOTbQ,,aaaaysimaaaa,Aysima Karçaaltıncaba,True,False,0,AAAAAzGxDqYlLwDW0tLldxgd//qgc+l/,,12,2026-08-24T10:12:32Z,aaaaysimaaaa,primary_artist_monthly_listeners,392361,"392,361",Spotify public artist page,false,,5LcdZwPKlC4CF8IGFs1ynd,spotify:track:5LcdZwPKlC4CF8IGFs1ynd,https://open.spotify.com/track/5LcdZwPKlC4CF8IGFs1ynd,Karma,track,6,1,310893,310.893,False,False,True,,https://api.spotify.com/v1/tracks/5LcdZwPKlC4CF8IGFs1ynd,https://api.spotify.com/v1/tracks/5LcdZwPKlC4CF8IGFs1ynd,,,DEA240190006,,,7pmaYcI9BoO4vrtByPMs2u,spotify:album:7pmaYcI9BoO4vrtByPMs2u,https://open.spotify.com/album/7pmaYcI9BoO4vrtByPMs2u,Karma,album,,13,2001-07-19,day,,"C: 2001 Sanctuary Records Group Ltd., a BMG Company; P: 2001 Sanctuary Records Group Ltd., a BMG Company",,https://i.scdn.co/image/ab67616d0000b27310e1b565b64bc65c6db028f4,,7gTbq5nTZGQIUgjEGXQpOS,Kamelot,spotify:artist:7gTbq5nTZGQIUgjEGXQpOS,https://open.spotify.com/artist/7gTbq5nTZGQIUgjEGXQpOS,,,,392361,"392,361",false,Spotify public artist page,,https://i.scdn.co/image/ab6761610000e5eb05cfb3d751023418788b5ebc,,7gTbq5nTZGQIUgjEGXQpOS,Kamelot,https://open.spotify.com/artist/7gTbq5nTZGQIUgjEGXQpOS,"[{""artist_id"": ""7gTbq5nTZGQIUgjEGXQpOS"", ""artist_name"": ""Kamelot"", ""artist_url"": ""https://open.spotify.com/artist/7gTbq5nTZGQIUgjEGXQpOS"", ""monthly_listeners"": ""392361"", ""monthly_listeners_display"": ""392,361"", ""is_approx"": ""false"", ""fetch_error"": """"}]","[{""artist_id"": ""7gTbq5nTZGQIUgjEGXQpOS"", ""artist_name"": ""Kamelot"", ""artist_uri"": ""spotify:artist:7gTbq5nTZGQIUgjEGXQpOS"", ""artist_url"": ""https://open.spotify.com/artist/7gTbq5nTZGQIUgjEGXQpOS"", ""artist_type"": ""artist"", ""artist_genres"": """", ""artist_spotify_api_popularity"": """", ""artist_followers_total"": """", ""artist_image_url"": ""https://i.scdn.co/image/ab6761610000e5eb05cfb3d751023418788b5ebc"", ""artist_lookup_error"": """", ""artist_monthly_listeners"": ""392361"", ""artist_monthly_listeners_display"": ""392,361"", ""artist_monthly_listeners_is_approx"": ""false"", ""artist_monthly_listeners_source"": ""Spotify public artist page"", ""artist_monthly_listeners_fetch_error"": """"}]",0,,"{""spotify"": ""https://open.spotify.com/track/5LcdZwPKlC4CF8IGFs1ynd""}",{}
week6_24august,2026-08-24T10:19:20+00:00,Spotify,Aysima Karçaaltıncaba,aaaaysimaaaa,Week6_User5,Week6_User5,2PCz3oSvNsZDzuaZ7BOTbQ,spotify:playlist:2PCz3oSvNsZDzuaZ7BOTbQ,https://open.spotify.com/playlist/2PCz3oSvNsZDzuaZ7BOTbQ,,aaaaysimaaaa,Aysima Karçaaltıncaba,True,False,0,AAAAAzGxDqYlLwDW0tLldxgd//qgc+l/,,13,2026-08-24T10:12:32Z,aaaaysimaaaa,primary_artist_monthly_listeners,22619,"22,619",Spotify public artist page,false,,6ilG0RQrXa8qhmic4drwG1,spotify:track:6ilG0RQrXa8qhmic4drwG1,https://open.spotify.com/track/6ilG0RQrXa8qhmic4drwG1,New Revelation,track,7,1,268480,268.480,False,False,True,,https://api.spotify.com/v1/tracks/6ilG0RQrXa8qhmic4drwG1,https://api.spotify.com/v1/tracks/6ilG0RQrXa8qhmic4drwG1,,,DEDL81002428,,,23T5WU1bZDaUfjG3vZqnQ2,spotify:album:23T5WU1bZDaUfjG3vZqnQ2,https://open.spotify.com/album/23T5WU1bZDaUfjG3vZqnQ2,Testament of Rock,album,,14,2011-01-25,day,,C: 2011 Metalville Records; P: 2011 Metalville Records,,https://i.scdn.co/image/ab67616d0000b27314c72d55447a62c8172490b0,,0lc8BWRWnjTL78iCV21Bo9,Astral Doors,spotify:artist:0lc8BWRWnjTL78iCV21Bo9,https://open.spotify.com/artist/0lc8BWRWnjTL78iCV21Bo9,,,,22619,"22,619",false,Spotify public artist page,,https://i.scdn.co/image/ab6761610000e5ebc8624f5b26fbe85ed5dce2e6,,0lc8BWRWnjTL78iCV21Bo9,Astral Doors,https://open.spotify.com/artist/0lc8BWRWnjTL78iCV21Bo9,"[{""artist_id"": ""0lc8BWRWnjTL78iCV21Bo9"", ""artist_name"": ""Astral Doors"", ""artist_url"": ""https://open.spotify.com/artist/0lc8BWRWnjTL78iCV21Bo9"", ""monthly_listeners"": ""22619"", ""monthly_listeners_display"": ""22,619"", ""is_approx"": ""false"", ""fetch_error"": """"}]","[{""artist_id"": ""0lc8BWRWnjTL78iCV21Bo9"", ""artist_name"": ""Astral Doors"", ""artist_uri"": ""spotify:artist:0lc8BWRWnjTL78iCV21Bo9"", ""artist_url"": ""https://open.spotify.com/artist/0lc8BWRWnjTL78iCV21Bo9"", ""artist_type"": ""artist"", ""artist_genres"": """", ""artist_spotify_api_popularity"": """", ""artist_followers_total"": """", ""artist_image_url"": ""https://i.scdn.co/image/ab6761610000e5ebc8624f5b26fbe85ed5dce2e6"", ""artist_lookup_error"": """", ""artist_monthly_listeners"": ""22619"", ""artist_monthly_listeners_display"": ""22,619"", ""artist_monthly_listeners_is_approx"": ""false"", ""artist_monthly_listeners_source"": ""Spotify public artist page"", ""artist_monthly_listeners_fetch_error"": """"}]",0,,"{""spotify"": ""https://open.spotify.com/track/6ilG0RQrXa8qhmic4drwG1""}",{}
week6_24august,2026-08-24T10:19:20+00:00,Spotify,Aysima Karçaaltıncaba,aaaaysimaaaa,Week6_User5,Week6_User5,2PCz3oSvNsZDzuaZ7BOTbQ,spotify:playlist:2PCz3oSvNsZDzuaZ7BOTbQ,https://open.spotify.com/playlist/2PCz3oSvNsZDzuaZ7BOTbQ,,aaaaysimaaaa,Aysima Karçaaltıncaba,True,False,0,AAAAAzGxDqYlLwDW0tLldxgd//qgc+l/,,14,2026-08-24T10:12:32Z,aaaaysimaaaa,primary_artist_monthly_listeners,142228,"142,228",Spotify public artist page,false,,5UlcIOHfJnuG6566c6MGQP,spotify:track:5UlcIOHfJnuG6566c6MGQP,https://open.spotify.com/track/5UlcIOHfJnuG6566c6MGQP,Draugen's Maelstrom,track,2,1,264866,264.866,False,False,True,,https://api.spotify.com/v1/tracks/5UlcIOHfJnuG6566c6MGQP,https://api.spotify.com/v1/tracks/5UlcIOHfJnuG6566c6MGQP,,,DEU601707131,,,50jeSor0JCukRq6mCefd1u,spotify:album:50jeSor0JCukRq6mCefd1u,https://open.spotify.com/album/50jeSor0JCukRq6mCefd1u,Secrets of the Magick Grimoire,album,,16,2017-11-10,day,,C: 2017 AFM Records; P: 2017 AFM Records,,https://i.scdn.co/image/ab67616d0000b2737c9103a889cc5abd2988accc,,09b5OcuIELTdD7FfzQzcdB,Elvenking,spotify:artist:09b5OcuIELTdD7FfzQzcdB,https://open.spotify.com/artist/09b5OcuIELTdD7FfzQzcdB,,,,142228,"142,228",false,Spotify public artist page,,https://i.scdn.co/image/ab6761610000e5eb7d9ebf7fb6d88f7efe184437,,09b5OcuIELTdD7FfzQzcdB,Elvenking,https://open.spotify.com/artist/09b5OcuIELTdD7FfzQzcdB,"[{""artist_id"": ""09b5OcuIELTdD7FfzQzcdB"", ""artist_name"": ""Elvenking"", ""artist_url"": ""https://open.spotify.com/artist/09b5OcuIELTdD7FfzQzcdB"", ""monthly_listeners"": ""142228"", ""monthly_listeners_display"": ""142,228"", ""is_approx"": ""false"", ""fetch_error"": """"}]","[{""artist_id"": ""09b5OcuIELTdD7FfzQzcdB"", ""artist_name"": ""Elvenking"", ""artist_uri"": ""spotify:artist:09b5OcuIELTdD7FfzQzcdB"", ""artist_url"": ""https://open.spotify.com/artist/09b5OcuIELTdD7FfzQzcdB"", ""artist_type"": ""artist"", ""artist_genres"": """", ""artist_spotify_api_popularity"": """", ""artist_followers_total"": """", ""artist_image_url"": ""https://i.scdn.co/image/ab6761610000e5eb7d9ebf7fb6d88f7efe184437"", ""artist_lookup_error"": """", ""artist_monthly_listeners"": ""142228"", ""artist_monthly_listeners_display"": ""142,228"", ""artist_monthly_listeners_is_approx"": ""false"", ""artist_monthly_listeners_source"": ""Spotify public artist page"", ""artist_monthly_listeners_fetch_error"": """"}]",0,,"{""spotify"": ""https://open.spotify.com/track/5UlcIOHfJnuG6566c6MGQP""}",{}
week6_24august,2026-08-24T10:19:20+00:00,Spotify,Aysima Karçaaltıncaba,aaaaysimaaaa,Week6_User5,Week6_User5,2PCz3oSvNsZDzuaZ7BOTbQ,spotify:playlist:2PCz3oSvNsZDzuaZ7BOTbQ,https://open.spotify.com/playlist/2PCz3oSvNsZDzuaZ7BOTbQ,,aaaaysimaaaa,Aysima Karçaaltıncaba,True,False,0,AAAAAzGxDqYlLwDW0tLldxgd//qgc+l/,,15,2026-08-24T10:12:32Z,aaaaysimaaaa,primary_artist_monthly_listeners,53499,"53,499",Spotify public artist page,false,,1dgyPZ91F5X6zYIHG3dPPS,spotify:track:1dgyPZ91F5X6zYIHG3dPPS,https://open.spotify.com/track/1dgyPZ91F5X6zYIHG3dPPS,Where Have The Angels Gone,track,10,1,283213,283.213,False,False,True,,https://api.spotify.com/v1/tracks/1dgyPZ91F5X6zYIHG3dPPS,https://api.spotify.com/v1/tracks/1dgyPZ91F5X6zYIHG3dPPS,,,USA370512711,,,1SrxH9azLw34ga5JUmulsA,spotify:album:1SrxH9azLw34ga5JUmulsA,https://open.spotify.com/album/1SrxH9azLw34ga5JUmulsA,The Battle,album,,12,2005-08-02,day,,C: (C) 2005 Frontiers Records,,https://i.scdn.co/image/ab67616d0000b27321092065dc948c345e83ed68,,2hxa4ytcni5FUIK8IR27tX,Allen Lande,spotify:artist:2hxa4ytcni5FUIK8IR27tX,https://open.spotify.com/artist/2hxa4ytcni5FUIK8IR27tX,,,,53499,"53,499",false,Spotify public artist page,,https://i.scdn.co/image/ab67616d0000b27309cd30cabc7f20c982de226c,,2hxa4ytcni5FUIK8IR27tX,Allen Lande,https://open.spotify.com/artist/2hxa4ytcni5FUIK8IR27tX,"[{""artist_id"": ""2hxa4ytcni5FUIK8IR27tX"", ""artist_name"": ""Allen Lande"", ""artist_url"": ""https://open.spotify.com/artist/2hxa4ytcni5FUIK8IR27tX"", ""monthly_listeners"": ""53499"", ""monthly_listeners_display"": ""53,499"", ""is_approx"": ""false"", ""fetch_error"": """"}]","[{""artist_id"": ""2hxa4ytcni5FUIK8IR27tX"", ""artist_name"": ""Allen Lande"", ""artist_uri"": ""spotify:artist:2hxa4ytcni5FUIK8IR27tX"", ""artist_url"": ""https://open.spotify.com/artist/2hxa4ytcni5FUIK8IR27tX"", ""artist_type"": ""artist"", ""artist_genres"": """", ""artist_spotify_api_popularity"": """", ""artist_followers_total"": """", ""artist_image_url"": ""https://i.scdn.co/image/ab67616d0000b27309cd30cabc7f20c982de226c"", ""artist_lookup_error"": """", ""artist_monthly_listeners"": ""53499"", ""artist_monthly_listeners_display"": ""53,499"", ""artist_monthly_listeners_is_approx"": ""false"", ""artist_monthly_listeners_source"": ""Spotify public artist page"", ""artist_monthly_listeners_fetch_error"": """"}]",0,,"{""spotify"": ""https://open.spotify.com/track/1dgyPZ91F5X6zYIHG3dPPS""}",{}
week6_24august,2026-08-24T10:19:20+00:00,Spotify,Aysima Karçaaltıncaba,aaaaysimaaaa,Week6_User5,Week6_User5,2PCz3oSvNsZDzuaZ7BOTbQ,spotify:playlist:2PCz3oSvNsZDzuaZ7BOTbQ,https://open.spotify.com/playlist/2PCz3oSvNsZDzuaZ7BOTbQ,,aaaaysimaaaa,Aysima Karçaaltıncaba,True,False,0,AAAAAzGxDqYlLwDW0tLldxgd//qgc+l/,,16,2026-08-24T10:12:32Z,aaaaysimaaaa,primary_artist_monthly_listeners,1501517,"1,501,517",Spotify public artist page,false,,7b0CA1PimfTSKehp4GOcV8,spotify:track:7b0CA1PimfTSKehp4GOcV8,https://open.spotify.com/track/7b0CA1PimfTSKehp4GOcV8,I Can,track,8,1,279333,279.333,False,False,True,,https://api.spotify.com/v1/tracks/7b0CA1PimfTSKehp4GOcV8,https://api.spotify.com/v1/tracks/7b0CA1PimfTSKehp4GOcV8,,,GBAJE0501740,,,7JpVw9H0wPLBy6vTXMB4QQ,spotify:album:7JpVw9H0wPLBy6vTXMB4QQ,https://open.spotify.com/album/7JpVw9H0wPLBy6vTXMB4QQ,Better Than Raw (Expanded Edition),album,,15,1998-01-01,day,,"C: 2006 Sanctuary Records Group Ltd., a BMG Company; P: 2006 Sanctuary Records Group Ltd., a BMG Company",,https://i.scdn.co/image/ab67616d0000b2734234d01d88468c95493742f0,,4pQN0GB0fNEEOfQCaWotsY,Helloween,spotify:artist:4pQN0GB0fNEEOfQCaWotsY,https://open.spotify.com/artist/4pQN0GB0fNEEOfQCaWotsY,,,,1501517,"1,501,517",false,Spotify public artist page,,https://i.scdn.co/image/ab6761610000e5eb7d6b878498239115a09316d3,,4pQN0GB0fNEEOfQCaWotsY,Helloween,https://open.spotify.com/artist/4pQN0GB0fNEEOfQCaWotsY,"[{""artist_id"": ""4pQN0GB0fNEEOfQCaWotsY"", ""artist_name"": ""Helloween"", ""artist_url"": ""https://open.spotify.com/artist/4pQN0GB0fNEEOfQCaWotsY"", ""monthly_listeners"": ""1501517"", ""monthly_listeners_display"": ""1,501,517"", ""is_approx"": ""false"", ""fetch_error"": """"}]","[{""artist_id"": ""4pQN0GB0fNEEOfQCaWotsY"", ""artist_name"": ""Helloween"", ""artist_uri"": ""spotify:artist:4pQN0GB0fNEEOfQCaWotsY"", ""artist_url"": ""https://open.spotify.com/artist/4pQN0GB0fNEEOfQCaWotsY"", ""artist_type"": ""artist"", ""artist_genres"": """", ""artist_spotify_api_popularity"": """", ""artist_followers_total"": """", ""artist_image_url"": ""https://i.scdn.co/image/ab6761610000e5eb7d6b878498239115a09316d3"", ""artist_lookup_error"": """", ""artist_monthly_listeners"": ""1501517"", ""artist_monthly_listeners_display"": ""1,501,517"", ""artist_monthly_listeners_is_approx"": ""false"", ""artist_monthly_listeners_source"": ""Spotify public artist page"", ""artist_monthly_listeners_fetch_error"": """"}]",0,,"{""spotify"": ""https://open.spotify.com/track/7b0CA1PimfTSKehp4GOcV8""}",{}
week6_24august,2026-08-24T10:19:20+00:00,Spotify,Aysima Karçaaltıncaba,aaaaysimaaaa,Week6_User5,Week6_User5,2PCz3oSvNsZDzuaZ7BOTbQ,spotify:playlist:2PCz3oSvNsZDzuaZ7BOTbQ,https://open.spotify.com/playlist/2PCz3oSvNsZDzuaZ7BOTbQ,,aaaaysimaaaa,Aysima Karçaaltıncaba,True,False,0,AAAAAzGxDqYlLwDW0tLldxgd//qgc+l/,,17,2026-08-24T10:12:32Z,aaaaysimaaaa,primary_artist_monthly_listeners,68028,"68,028",Spotify public artist page,false,,5qQunN5yBDtEGvPuekbYTP,spotify:track:5qQunN5yBDtEGvPuekbYTP,https://open.spotify.com/track/5qQunN5yBDtEGvPuekbYTP,Holy War,track,4,1,416400,416.400,False,False,True,,https://api.spotify.com/v1/tracks/5qQunN5yBDtEGvPuekbYTP,https://api.spotify.com/v1/tracks/5qQunN5yBDtEGvPuekbYTP,,,DEU601405379,,,4Pc6S162tQHX8qvyCcEAL2,spotify:album:4Pc6S162tQHX8qvyCcEAL2,https://open.spotify.com/album/4Pc6S162tQHX8qvyCcEAL2,Holy War (Deluxe Edition),album,,12,2002-02-08,day,,C: 2002 AFM Records under exclusive license from Sony Music Entertainment Finland Oy; P: 2002 AFM Records under exclusive license from Sony Music Entertainment Finland Oy,,https://i.scdn.co/image/ab67616d0000b273153405729a01ba8353529966,,5qwH9gKvchSfuv8V6pBU71,Dragonland,spotify:artist:5qwH9gKvchSfuv8V6pBU71,https://open.spotify.com/artist/5qwH9gKvchSfuv8V6pBU71,,,,68028,"68,028",false,Spotify public artist page,,https://i.scdn.co/image/ab6761610000e5eb200a9e275d2a6d1bc32e0b75,,5qwH9gKvchSfuv8V6pBU71,Dragonland,https://open.spotify.com/artist/5qwH9gKvchSfuv8V6pBU71,"[{""artist_id"": ""5qwH9gKvchSfuv8V6pBU71"", ""artist_name"": ""Dragonland"", ""artist_url"": ""https://open.spotify.com/artist/5qwH9gKvchSfuv8V6pBU71"", ""monthly_listeners"": ""68028"", ""monthly_listeners_display"": ""68,028"", ""is_approx"": ""false"", ""fetch_error"": """"}]","[{""artist_id"": ""5qwH9gKvchSfuv8V6pBU71"", ""artist_name"": ""Dragonland"", ""artist_uri"": ""spotify:artist:5qwH9gKvchSfuv8V6pBU71"", ""artist_url"": ""https://open.spotify.com/artist/5qwH9gKvchSfuv8V6pBU71"", ""artist_type"": ""artist"", ""artist_genres"": """", ""artist_spotify_api_popularity"": """", ""artist_followers_total"": """", ""artist_image_url"": ""https://i.scdn.co/image/ab6761610000e5eb200a9e275d2a6d1bc32e0b75"", ""artist_lookup_error"": """", ""artist_monthly_listeners"": ""68028"", ""artist_monthly_listeners_display"": ""68,028"", ""artist_monthly_listeners_is_approx"": ""false"", ""artist_monthly_listeners_source"": ""Spotify public artist page"", ""artist_monthly_listeners_fetch_error"": """"}]",0,,"{""spotify"": ""https://open.spotify.com/track/5qQunN5yBDtEGvPuekbYTP""}",{}
week6_24august,2026-08-24T10:19:20+00:00,Spotify,Aysima Karçaaltıncaba,aaaaysimaaaa,Week6_User5,Week6_User5,2PCz3oSvNsZDzuaZ7BOTbQ,spotify:playlist:2PCz3oSvNsZDzuaZ7BOTbQ,https://open.spotify.com/playlist/2PCz3oSvNsZDzuaZ7BOTbQ,,aaaaysimaaaa,Aysima Karçaaltıncaba,True,False,0,AAAAAzGxDqYlLwDW0tLldxgd//qgc+l/,,18,2026-08-24T10:12:32Z,aaaaysimaaaa,primary_artist_monthly_listeners,69734,"69,734",Spotify public artist page,false,,67VY2cMMsBtn9AWvGgEurh,spotify:track:67VY2cMMsBtn9AWvGgEurh,https://open.spotify.com/track/67VY2cMMsBtn9AWvGgEurh,Liberty,track,7,1,329040,329.040,False,False,True,,https://api.spotify.com/v1/tracks/67VY2cMMsBtn9AWvGgEurh,https://api.spotify.com/v1/tracks/67VY2cMMsBtn9AWvGgEurh,,,DEZ900601660,,,0v4XwkYSBULSubs58aezbT,spotify:album:0v4XwkYSBULSubs58aezbT,https://open.spotify.com/album/0v4XwkYSBULSubs58aezbT,Virus,album,,9,2007-01-26,day,,C: 2007 AFM Records; P: 2007 AFM Records,,https://i.scdn.co/image/ab67616d0000b2734bb4421e8c83270f460e870b,,7j3etSXgd9ZLYIUW7KWnpd,Heavenly,spotify:artist:7j3etSXgd9ZLYIUW7KWnpd,https://open.spotify.com/artist/7j3etSXgd9ZLYIUW7KWnpd,,,,69734,"69,734",false,Spotify public artist page,,https://i.scdn.co/image/ab6772690000c46ce1dbce8d74b9d4d5066ebf7a,,7j3etSXgd9ZLYIUW7KWnpd,Heavenly,https://open.spotify.com/artist/7j3etSXgd9ZLYIUW7KWnpd,"[{""artist_id"": ""7j3etSXgd9ZLYIUW7KWnpd"", ""artist_name"": ""Heavenly"", ""artist_url"": ""https://open.spotify.com/artist/7j3etSXgd9ZLYIUW7KWnpd"", ""monthly_listeners"": ""69734"", ""monthly_listeners_display"": ""69,734"", ""is_approx"": ""false"", ""fetch_error"": """"}]","[{""artist_id"": ""7j3etSXgd9ZLYIUW7KWnpd"", ""artist_name"": ""Heavenly"", ""artist_uri"": ""spotify:artist:7j3etSXgd9ZLYIUW7KWnpd"", ""artist_url"": ""https://open.spotify.com/artist/7j3etSXgd9ZLYIUW7KWnpd"", ""artist_type"": ""artist"", ""artist_genres"": """", ""artist_spotify_api_popularity"": """", ""artist_followers_total"": """", ""artist_image_url"": ""https://i.scdn.co/image/ab6772690000c46ce1dbce8d74b9d4d5066ebf7a"", ""artist_lookup_error"": """", ""artist_monthly_listeners"": ""69734"", ""artist_monthly_listeners_display"": ""69,734"", ""artist_monthly_listeners_is_approx"": ""false"", ""artist_monthly_listeners_source"": ""Spotify public artist page"", ""artist_monthly_listeners_fetch_error"": """"}]",0,,"{""spotify"": ""https://open.spotify.com/track/67VY2cMMsBtn9AWvGgEurh""}",{}
week6_24august,2026-08-24T10:19:20+00:00,Spotify,Aysima Karçaaltıncaba,aaaaysimaaaa,Week6_User5,Week6_User5,2PCz3oSvNsZDzuaZ7BOTbQ,spotify:playlist:2PCz3oSvNsZDzuaZ7BOTbQ,https://open.spotify.com/playlist/2PCz3oSvNsZDzuaZ7BOTbQ,,aaaaysimaaaa,Aysima Karçaaltıncaba,True,False,0,AAAAAzGxDqYlLwDW0tLldxgd//qgc+l/,,19,2026-08-24T10:12:32Z,aaaaysimaaaa,primary_artist_monthly_listeners,75134,"75,134",Spotify public artist page,false,,1337DSiMeTMbfPHDaymvYc,spotify:track:1337DSiMeTMbfPHDaymvYc,https://open.spotify.com/track/1337DSiMeTMbfPHDaymvYc,Excalibur - Remastered Version,track,3,1,285466,285.466,False,False,True,,https://api.spotify.com/v1/tracks/1337DSiMeTMbfPHDaymvYc,https://api.spotify.com/v1/tracks/1337DSiMeTMbfPHDaymvYc,,,DEC760600301,,,3Nqt74tjDEjsas48xKUQLG,spotify:album:3Nqt74tjDEjsas48xKUQLG,https://open.spotify.com/album/3Nqt74tjDEjsas48xKUQLG,Excalibur - Remastered 2006,album,,12,1999,year,,"P: (P) 2006 GUN Records GmbH, A Unit Of SONY BMG MUSIC ENTERTAINMENT (GERMANY) GmbH",,https://i.scdn.co/image/ab67616d0000b2735c30bf4ab72b72c9bd1dbe9b,,6mfghV4I1CD17FOhDKq7cJ,Grave Digger,spotify:artist:6mfghV4I1CD17FOhDKq7cJ,https://open.spotify.com/artist/6mfghV4I1CD17FOhDKq7cJ,,,,75134,"75,134",false,Spotify public artist page,,https://i.scdn.co/image/ab6761610000e5eb5b4d967b77ad0ffbd0d70013,,6mfghV4I1CD17FOhDKq7cJ,Grave Digger,https://open.spotify.com/artist/6mfghV4I1CD17FOhDKq7cJ,"[{""artist_id"": ""6mfghV4I1CD17FOhDKq7cJ"", ""artist_name"": ""Grave Digger"", ""artist_url"": ""https://open.spotify.com/artist/6mfghV4I1CD17FOhDKq7cJ"", ""monthly_listeners"": ""75134"", ""monthly_listeners_display"": ""75,134"", ""is_approx"": ""false"", ""fetch_error"": """"}]","[{""artist_id"": ""6mfghV4I1CD17FOhDKq7cJ"", ""artist_name"": ""Grave Digger"", ""artist_uri"": ""spotify:artist:6mfghV4I1CD17FOhDKq7cJ"", ""artist_url"": ""https://open.spotify.com/artist/6mfghV4I1CD17FOhDKq7cJ"", ""artist_type"": ""artist"", ""artist_genres"": """", ""artist_spotify_api_popularity"": """", ""artist_followers_total"": """", ""artist_image_url"": ""https://i.scdn.co/image/ab6761610000e5eb5b4d967b77ad0ffbd0d70013"", ""artist_lookup_error"": """", ""artist_monthly_listeners"": ""75134"", ""artist_monthly_listeners_display"": ""75,134"", ""artist_monthly_listeners_is_approx"": ""false"", ""artist_monthly_listeners_source"": ""Spotify public artist page"", ""artist_monthly_listeners_fetch_error"": """"}]",0,,"{""spotify"": ""https://open.spotify.com/track/1337DSiMeTMbfPHDaymvYc""}",{}
week6_24august,2026-08-24T10:19:20+00:00,Spotify,Aysima Karçaaltıncaba,aaaaysimaaaa,Week6_User5,Week6_User5,2PCz3oSvNsZDzuaZ7BOTbQ,spotify:playlist:2PCz3oSvNsZDzuaZ7BOTbQ,https://open.spotify.com/playlist/2PCz3oSvNsZDzuaZ7BOTbQ,,aaaaysimaaaa,Aysima Karçaaltıncaba,True,False,0,AAAAAzGxDqYlLwDW0tLldxgd//qgc+l/,,20,2026-08-24T10:12:32Z,aaaaysimaaaa,primary_artist_monthly_listeners,747998,"747,998",Spotify public artist page,false,,2ONx4h2enieY9QyG2I2J1S,spotify:track:2ONx4h2enieY9QyG2I2J1S,https://open.spotify.com/track/2ONx4h2enieY9QyG2I2J1S,Helvetios,track,2,1,240760,240.760,False,False,True,,https://api.spotify.com/v1/tracks/2ONx4h2enieY9QyG2I2J1S,https://api.spotify.com/v1/tracks/2ONx4h2enieY9QyG2I2J1S,,,DED831100707,,,6Xo3icopNx9jX1NcDLjF5Q,spotify:album:6Xo3icopNx9jX1NcDLjF5Q,https://open.spotify.com/album/6Xo3icopNx9jX1NcDLjF5Q,Helvetios,album,,17,2012-02-10,day,,C: 2012 Nuclear Blast; P: 2012 Nuclear Blast,,https://i.scdn.co/image/ab67616d0000b2733dbcf3c664ff6be4204a32b4,,5X0N2k3qMnI8kSrGJT3kfT,Eluveitie,spotify:artist:5X0N2k3qMnI8kSrGJT3kfT,https://open.spotify.com/artist/5X0N2k3qMnI8kSrGJT3kfT,,,,747998,"747,998",false,Spotify public artist page,,https://i.scdn.co/image/ab6761610000e5ebe8581fc1b573119b7eb0b69b,,5X0N2k3qMnI8kSrGJT3kfT,Eluveitie,https://open.spotify.com/artist/5X0N2k3qMnI8kSrGJT3kfT,"[{""artist_id"": ""5X0N2k3qMnI8kSrGJT3kfT"", ""artist_name"": ""Eluveitie"", ""artist_url"": ""https://open.spotify.com/artist/5X0N2k3qMnI8kSrGJT3kfT"", ""monthly_listeners"": ""747998"", ""monthly_listeners_display"": ""747,998"", ""is_approx"": ""false"", ""fetch_error"": """"}]","[{""artist_id"": ""5X0N2k3qMnI8kSrGJT3kfT"", ""artist_name"": ""Eluveitie"", ""artist_uri"": ""spotify:artist:5X0N2k3qMnI8kSrGJT3kfT"", ""artist_url"": ""https://open.spotify.com/artist/5X0N2k3qMnI8kSrGJT3kfT"", ""artist_type"": ""artist"", ""artist_genres"": """", ""artist_spotify_api_popularity"": """", ""artist_followers_total"": """", ""artist_image_url"": ""https://i.scdn.co/image/ab6761610000e5ebe8581fc1b573119b7eb0b69b"", ""artist_lookup_error"": """", ""artist_monthly_listeners"": ""747998"", ""artist_monthly_listeners_display"": ""747,998"", ""artist_monthly_listeners_is_approx"": ""false"", ""artist_monthly_listeners_source"": ""Spotify public artist page"", ""artist_monthly_listeners_fetch_error"": """"}]",0,,"{""spotify"": ""https://open.spotify.com/track/2ONx4h2enieY9QyG2I2J1S""}",{}
week6_24august,2026-08-24T10:19:20+00:00,Spotify,Aysima Karçaaltıncaba,aaaaysimaaaa,Week6_User5,Week6_User5,2PCz3oSvNsZDzuaZ7BOTbQ,spotify:playlist:2PCz3oSvNsZDzuaZ7BOTbQ,https://open.spotify.com/playlist/2PCz3oSvNsZDzuaZ7BOTbQ,,aaaaysimaaaa,Aysima Karçaaltıncaba,True,False,0,AAAAAzGxDqYlLwDW0tLldxgd//qgc+l/,,21,2026-08-24T10:12:32Z,aaaaysimaaaa,primary_artist_monthly_listeners,404242,"404,242",Spotify public artist page,false,,0M11GUBWC9ev9DMYOFg7Oq,spotify:track:0M11GUBWC9ev9DMYOFg7Oq,https://open.spotify.com/track/0M11GUBWC9ev9DMYOFg7Oq,The Wake of Magellan,track,10,1,370333,370.333,False,False,True,,https://api.spotify.com/v1/tracks/0M11GUBWC9ev9DMYOFg7Oq,https://api.spotify.com/v1/tracks/0M11GUBWC9ev9DMYOFg7Oq,,,DEH841000154,,,3y1RnEDgE7Ky2zaZd9Br6q,spotify:album:3y1RnEDgE7Ky2zaZd9Br6q,https://open.spotify.com/album/3y1RnEDgE7Ky2zaZd9Br6q,The Wake of Magellan (Bonus Track Edition),album,,15,2010-05-21,day,,C: 2010 Savatage Inc. under exclusive license to Edel Germany GmbH; P: 2010 Savatage Inc. under exclusive license to Edel Germany GmbH,,https://i.scdn.co/image/ab67616d0000b273e8a27297997d045990f2e726,,3N1B1g6JtIgd6ClRkzD4yT,Savatage,spotify:artist:3N1B1g6JtIgd6ClRkzD4yT,https://open.spotify.com/artist/3N1B1g6JtIgd6ClRkzD4yT,,,,404242,"404,242",false,Spotify public artist page,,https://i.scdn.co/image/ab6761610000e5eb28ce3420531dadeaea4d8aef,,3N1B1g6JtIgd6ClRkzD4yT,Savatage,https://open.spotify.com/artist/3N1B1g6JtIgd6ClRkzD4yT,"[{""artist_id"": ""3N1B1g6JtIgd6ClRkzD4yT"", ""artist_name"": ""Savatage"", ""artist_url"": ""https://open.spotify.com/artist/3N1B1g6JtIgd6ClRkzD4yT"", ""monthly_listeners"": ""404242"", ""monthly_listeners_display"": ""404,242"", ""is_approx"": ""false"", ""fetch_error"": """"}]","[{""artist_id"": ""3N1B1g6JtIgd6ClRkzD4yT"", ""artist_name"": ""Savatage"", ""artist_uri"": ""spotify:artist:3N1B1g6JtIgd6ClRkzD4yT"", ""artist_url"": ""https://open.spotify.com/artist/3N1B1g6JtIgd6ClRkzD4yT"", ""artist_type"": ""artist"", ""artist_genres"": """", ""artist_spotify_api_popularity"": """", ""artist_followers_total"": """", ""artist_image_url"": ""https://i.scdn.co/image/ab6761610000e5eb28ce3420531dadeaea4d8aef"", ""artist_lookup_error"": """", ""artist_monthly_listeners"": ""404242"", ""artist_monthly_listeners_display"": ""404,242"", ""artist_monthly_listeners_is_approx"": ""false"", ""artist_monthly_listeners_source"": ""Spotify public artist page"", ""artist_monthly_listeners_fetch_error"": """"}]",0,,"{""spotify"": ""https://open.spotify.com/track/0M11GUBWC9ev9DMYOFg7Oq""}",{}
week6_24august,2026-08-24T10:19:20+00:00,Spotify,Aysima Karçaaltıncaba,aaaaysimaaaa,Week6_User5,Week6_User5,2PCz3oSvNsZDzuaZ7BOTbQ,spotify:playlist:2PCz3oSvNsZDzuaZ7BOTbQ,https://open.spotify.com/playlist/2PCz3oSvNsZDzuaZ7BOTbQ,,aaaaysimaaaa,Aysima Karçaaltıncaba,True,False,0,AAAAAzGxDqYlLwDW0tLldxgd//qgc+l/,,22,2026-08-24T10:12:32Z,aaaaysimaaaa,primary_artist_monthly_listeners,32023,"32,023",Spotify public artist page,false,,1cmtixG6uerOQyRGQBHTQl,spotify:track:1cmtixG6uerOQyRGQBHTQl,https://open.spotify.com/track/1cmtixG6uerOQyRGQBHTQl,Pure,track,2,1,385706,385.706,False,False,True,,https://api.spotify.com/v1/tracks/1cmtixG6uerOQyRGQBHTQl,https://api.spotify.com/v1/tracks/1cmtixG6uerOQyRGQBHTQl,,,GBCKC0200315,,,2NFowliSrj8tqBpPMwejkX,spotify:album:2NFowliSrj8tqBpPMwejkX,https://open.spotify.com/album/2NFowliSrj8tqBpPMwejkX,A Flame To The Ground Beneath,album,,9,2002-02-13,day,,P: (P) 2002 Music For Nations,,https://i.scdn.co/image/ab67616d0000b2736a3a6bf1ef7158a99c869f27,,5fIeefAhrmO4FiO6DPCXeO,Lost Horizon,spotify:artist:5fIeefAhrmO4FiO6DPCXeO,https://open.spotify.com/artist/5fIeefAhrmO4FiO6DPCXeO,,,,32023,"32,023",false,Spotify public artist page,,https://i.scdn.co/image/ab67616d0000b2736a3a6bf1ef7158a99c869f27,,5fIeefAhrmO4FiO6DPCXeO,Lost Horizon,https://open.spotify.com/artist/5fIeefAhrmO4FiO6DPCXeO,"[{""artist_id"": ""5fIeefAhrmO4FiO6DPCXeO"", ""artist_name"": ""Lost Horizon"", ""artist_url"": ""https://open.spotify.com/artist/5fIeefAhrmO4FiO6DPCXeO"", ""monthly_listeners"": ""32023"", ""monthly_listeners_display"": ""32,023"", ""is_approx"": ""false"", ""fetch_error"": """"}]","[{""artist_id"": ""5fIeefAhrmO4FiO6DPCXeO"", ""artist_name"": ""Lost Horizon"", ""artist_uri"": ""spotify:artist:5fIeefAhrmO4FiO6DPCXeO"", ""artist_url"": ""https://open.spotify.com/artist/5fIeefAhrmO4FiO6DPCXeO"", ""artist_type"": ""artist"", ""artist_genres"": """", ""artist_spotify_api_popularity"": """", ""artist_followers_total"": """", ""artist_image_url"": ""https://i.scdn.co/image/ab67616d0000b2736a3a6bf1ef7158a99c869f27"", ""artist_lookup_error"": """", ""artist_monthly_listeners"": ""32023"", ""artist_monthly_listeners_display"": ""32,023"", ""artist_monthly_listeners_is_approx"": ""false"", ""artist_monthly_listeners_source"": ""Spotify public artist page"", ""artist_monthly_listeners_fetch_error"": """"}]",0,,"{""spotify"": ""https://open.spotify.com/track/1cmtixG6uerOQyRGQBHTQl""}",{}
week6_24august,2026-08-24T10:19:20+00:00,Spotify,Aysima Karçaaltıncaba,aaaaysimaaaa,Week6_User5,Week6_User5,2PCz3oSvNsZDzuaZ7BOTbQ,spotify:playlist:2PCz3oSvNsZDzuaZ7BOTbQ,https://open.spotify.com/playlist/2PCz3oSvNsZDzuaZ7BOTbQ,,aaaaysimaaaa,Aysima Karçaaltıncaba,True,False,0,AAAAAzGxDqYlLwDW0tLldxgd//qgc+l/,,23,2026-08-24T10:12:32Z,aaaaysimaaaa,primary_artist_monthly_listeners,29455,"29,455",Spotify public artist page,false,,67t4G4lppr7Or22l3nWuHp,spotify:track:67t4G4lppr7Or22l3nWuHp,https://open.spotify.com/track/67t4G4lppr7Or22l3nWuHp,Steel Lord on Wheels,track,2,1,234800,234.800,False,False,True,,https://api.spotify.com/v1/tracks/67t4G4lppr7Or22l3nWuHp,https://api.spotify.com/v1/tracks/67t4G4lppr7Or22l3nWuHp,,,DEKS80439002,,,26hAPfcrj7QNjthBsL69Vb,spotify:album:26hAPfcrj7QNjthBsL69Vb,https://open.spotify.com/album/26hAPfcrj7QNjthBsL69Vb,Defying the Rules,album,,10,2004,year,,C: 2004 Remedy Records; P: 2004 Remedy Records,,https://i.scdn.co/image/ab67616d0000b273449daab32ca781a921a4a443,,72rswq5X0csZgWCsAqDwfU,Hibria,spotify:artist:72rswq5X0csZgWCsAqDwfU,https://open.spotify.com/artist/72rswq5X0csZgWCsAqDwfU,,,,29455,"29,455",false,Spotify public artist page,,https://i.scdn.co/image/ab6761610000e5eba2a34c9201a2be133224483e,,72rswq5X0csZgWCsAqDwfU,Hibria,https://open.spotify.com/artist/72rswq5X0csZgWCsAqDwfU,"[{""artist_id"": ""72rswq5X0csZgWCsAqDwfU"", ""artist_name"": ""Hibria"", ""artist_url"": ""https://open.spotify.com/artist/72rswq5X0csZgWCsAqDwfU"", ""monthly_listeners"": ""29455"", ""monthly_listeners_display"": ""29,455"", ""is_approx"": ""false"", ""fetch_error"": """"}]","[{""artist_id"": ""72rswq5X0csZgWCsAqDwfU"", ""artist_name"": ""Hibria"", ""artist_uri"": ""spotify:artist:72rswq5X0csZgWCsAqDwfU"", ""artist_url"": ""https://open.spotify.com/artist/72rswq5X0csZgWCsAqDwfU"", ""artist_type"": ""artist"", ""artist_genres"": """", ""artist_spotify_api_popularity"": """", ""artist_followers_total"": """", ""artist_image_url"": ""https://i.scdn.co/image/ab6761610000e5eba2a34c9201a2be133224483e"", ""artist_lookup_error"": """", ""artist_monthly_listeners"": ""29455"", ""artist_monthly_listeners_display"": ""29,455"", ""artist_monthly_listeners_is_approx"": ""false"", ""artist_monthly_listeners_source"": ""Spotify public artist page"", ""artist_monthly_listeners_fetch_error"": """"}]",0,,"{""spotify"": ""https://open.spotify.com/track/67t4G4lppr7Or22l3nWuHp""}",{}
week6_24august,2026-08-24T10:19:20+00:00,Spotify,Aysima Karçaaltıncaba,aaaaysimaaaa,Week6_User5,Week6_User5,2PCz3oSvNsZDzuaZ7BOTbQ,spotify:playlist:2PCz3oSvNsZDzuaZ7BOTbQ,https://open.spotify.com/playlist/2PCz3oSvNsZDzuaZ7BOTbQ,,aaaaysimaaaa,Aysima Karçaaltıncaba,True,False,0,AAAAAzGxDqYlLwDW0tLldxgd//qgc+l/,,24,2026-08-24T10:12:32Z,aaaaysimaaaa,primary_artist_monthly_listeners,14672,"14,672",Spotify public artist page,false,,2xKM2KJWd06BMnZ21WhhpT,spotify:track:2xKM2KJWd06BMnZ21WhhpT,https://open.spotify.com/track/2xKM2KJWd06BMnZ21WhhpT,The First and the Last,track,9,1,263146,263.146,False,False,True,,https://api.spotify.com/v1/tracks/2xKM2KJWd06BMnZ21WhhpT,https://api.spotify.com/v1/tracks/2xKM2KJWd06BMnZ21WhhpT,,,DEU601606315,,,0hEX9bbYRQerUe5ZFxVXYY,spotify:album:0hEX9bbYRQerUe5ZFxVXYY,https://open.spotify.com/album/0hEX9bbYRQerUe5ZFxVXYY,Diabolica,album,,12,2016-09-30,day,,C: 2016 AFM Records; P: 2016 AFM Records,,https://i.scdn.co/image/ab67616d0000b273fe75152abeef2594a05d4ee8,,4fHO1843WfhVrQkRKO555M,Iron Mask,spotify:artist:4fHO1843WfhVrQkRKO555M,https://open.spotify.com/artist/4fHO1843WfhVrQkRKO555M,,,,14672,"14,672",false,Spotify public artist page,,https://i.scdn.co/image/ab6761610000e5eb04d2e1599c52dabb8ba24521,,4fHO1843WfhVrQkRKO555M,Iron Mask,https://open.spotify.com/artist/4fHO1843WfhVrQkRKO555M,"[{""artist_id"": ""4fHO1843WfhVrQkRKO555M"", ""artist_name"": ""Iron Mask"", ""artist_url"": ""https://open.spotify.com/artist/4fHO1843WfhVrQkRKO555M"", ""monthly_listeners"": ""14672"", ""monthly_listeners_display"": ""14,672"", ""is_approx"": ""false"", ""fetch_error"": """"}]","[{""artist_id"": ""4fHO1843WfhVrQkRKO555M"", ""artist_name"": ""Iron Mask"", ""artist_uri"": ""spotify:artist:4fHO1843WfhVrQkRKO555M"", ""artist_url"": ""https://open.spotify.com/artist/4fHO1843WfhVrQkRKO555M"", ""artist_type"": ""artist"", ""artist_genres"": """", ""artist_spotify_api_popularity"": """", ""artist_followers_total"": """", ""artist_image_url"": ""https://i.scdn.co/image/ab6761610000e5eb04d2e1599c52dabb8ba24521"", ""artist_lookup_error"": """", ""artist_monthly_listeners"": ""14672"", ""artist_monthly_listeners_display"": ""14,672"", ""artist_monthly_listeners_is_approx"": ""false"", ""artist_monthly_listeners_source"": ""Spotify public artist page"", ""artist_monthly_listeners_fetch_error"": """"}]",0,,"{""spotify"": ""https://open.spotify.com/track/2xKM2KJWd06BMnZ21WhhpT""}",{}
week6_24august,2026-08-24T10:19:20+00:00,Spotify,Aysima Karçaaltıncaba,aaaaysimaaaa,Week6_User5,Week6_User5,2PCz3oSvNsZDzuaZ7BOTbQ,spotify:playlist:2PCz3oSvNsZDzuaZ7BOTbQ,https://open.spotify.com/playlist/2PCz3oSvNsZDzuaZ7BOTbQ,,aaaaysimaaaa,Aysima Karçaaltıncaba,True,False,0,AAAAAzGxDqYlLwDW0tLldxgd//qgc+l/,,25,2026-08-24T10:12:32Z,aaaaysimaaaa,primary_artist_monthly_listeners,17680,"17,680",Spotify public artist page,false,,3wnUdrqdCgSGleJdhuC5ck,spotify:track:3wnUdrqdCgSGleJdhuC5ck,https://open.spotify.com/track/3wnUdrqdCgSGleJdhuC5ck,A Soldier's Letter,track,5,1,333253,333.253,False,False,True,,https://api.spotify.com/v1/tracks/3wnUdrqdCgSGleJdhuC5ck,https://api.spotify.com/v1/tracks/3wnUdrqdCgSGleJdhuC5ck,,,ATN260927305,,,4R28EthR4lBUF34r4fecPY,spotify:album:4R28EthR4lBUF34r4fecPY,https://open.spotify.com/album/4R28EthR4lBUF34r4fecPY,Score to a New Beginning,album,,10,2009,year,,C: (C) 2009 Napalm Records Handels GmbH; P: (P) 2009 Napalm Records Handels GmbH,,https://i.scdn.co/image/ab67616d0000b27306d99c3af586f8d35b406484,,7rPnZRgv1UGUDzmNBIe5QJ,Fairyland,spotify:artist:7rPnZRgv1UGUDzmNBIe5QJ,https://open.spotify.com/artist/7rPnZRgv1UGUDzmNBIe5QJ,,,,17680,"17,680",false,Spotify public artist page,,https://i.scdn.co/image/ab6761610000e5ebe6bad2f59ab900c0eaed2342,,7rPnZRgv1UGUDzmNBIe5QJ,Fairyland,https://open.spotify.com/artist/7rPnZRgv1UGUDzmNBIe5QJ,"[{""artist_id"": ""7rPnZRgv1UGUDzmNBIe5QJ"", ""artist_name"": ""Fairyland"", ""artist_url"": ""https://open.spotify.com/artist/7rPnZRgv1UGUDzmNBIe5QJ"", ""monthly_listeners"": ""17680"", ""monthly_listeners_display"": ""17,680"", ""is_approx"": ""false"", ""fetch_error"": """"}]","[{""artist_id"": ""7rPnZRgv1UGUDzmNBIe5QJ"", ""artist_name"": ""Fairyland"", ""artist_uri"": ""spotify:artist:7rPnZRgv1UGUDzmNBIe5QJ"", ""artist_url"": ""https://open.spotify.com/artist/7rPnZRgv1UGUDzmNBIe5QJ"", ""artist_type"": ""artist"", ""artist_genres"": """", ""artist_spotify_api_popularity"": """", ""artist_followers_total"": """", ""artist_image_url"": ""https://i.scdn.co/image/ab6761610000e5ebe6bad2f59ab900c0eaed2342"", ""artist_lookup_error"": """", ""artist_monthly_listeners"": ""17680"", ""artist_monthly_listeners_display"": ""17,680"", ""artist_monthly_listeners_is_approx"": ""false"", ""artist_monthly_listeners_source"": ""Spotify public artist page"", ""artist_monthly_listeners_fetch_error"": """"}]",0,,"{""spotify"": ""https://open.spotify.com/track/3wnUdrqdCgSGleJdhuC5ck""}",{}
week6_24august,2026-08-24T10:19:20+00:00,Spotify,Aysima Karçaaltıncaba,aaaaysimaaaa,Week6_User5,Week6_User5,2PCz3oSvNsZDzuaZ7BOTbQ,spotify:playlist:2PCz3oSvNsZDzuaZ7BOTbQ,https://open.spotify.com/playlist/2PCz3oSvNsZDzuaZ7BOTbQ,,aaaaysimaaaa,Aysima Karçaaltıncaba,True,False,0,AAAAAzGxDqYlLwDW0tLldxgd//qgc+l/,,26,2026-08-24T10:12:32Z,aaaaysimaaaa,primary_artist_monthly_listeners,20763,"20,763",Spotify public artist page,false,,0DBxP8Hwc8yjYBconLH1V6,spotify:track:0DBxP8Hwc8yjYBconLH1V6,https://open.spotify.com/track/0DBxP8Hwc8yjYBconLH1V6,Heading Northe,track,2,1,259440,259.440,False,False,True,,https://api.spotify.com/v1/tracks/0DBxP8Hwc8yjYBconLH1V6,https://api.spotify.com/v1/tracks/0DBxP8Hwc8yjYBconLH1V6,,,DEFN50800002,,,1qSquXPBOHeUXrD7VmedJu,spotify:album:1qSquXPBOHeUXrD7VmedJu,https://open.spotify.com/album/1qSquXPBOHeUXrD7VmedJu,Heading Northe,album,,11,2008-04-08,day,,C: Dockyard 1; P: Dockyard1 Records,,https://i.scdn.co/image/ab67616d0000b2737c49e7aa99724276c0cba377,,5HU7OcgioAzw0hzxbeLD1C,Stormwarrior,spotify:artist:5HU7OcgioAzw0hzxbeLD1C,https://open.spotify.com/artist/5HU7OcgioAzw0hzxbeLD1C,,,,20763,"20,763",false,Spotify public artist page,,https://i.scdn.co/image/ab6761610000e5eb6dfc18fb0cf27969ba7a3ffa,,5HU7OcgioAzw0hzxbeLD1C,Stormwarrior,https://open.spotify.com/artist/5HU7OcgioAzw0hzxbeLD1C,"[{""artist_id"": ""5HU7OcgioAzw0hzxbeLD1C"", ""artist_name"": ""Stormwarrior"", ""artist_url"": ""https://open.spotify.com/artist/5HU7OcgioAzw0hzxbeLD1C"", ""monthly_listeners"": ""20763"", ""monthly_listeners_display"": ""20,763"", ""is_approx"": ""false"", ""fetch_error"": """"}]","[{""artist_id"": ""5HU7OcgioAzw0hzxbeLD1C"", ""artist_name"": ""Stormwarrior"", ""artist_uri"": ""spotify:artist:5HU7OcgioAzw0hzxbeLD1C"", ""artist_url"": ""https://open.spotify.com/artist/5HU7OcgioAzw0hzxbeLD1C"", ""artist_type"": ""artist"", ""artist_genres"": """", ""artist_spotify_api_popularity"": """", ""artist_followers_total"": """", ""artist_image_url"": ""https://i.scdn.co/image/ab6761610000e5eb6dfc18fb0cf27969ba7a3ffa"", ""artist_lookup_error"": """", ""artist_monthly_listeners"": ""20763"", ""artist_monthly_listeners_display"": ""20,763"", ""artist_monthly_listeners_is_approx"": ""false"", ""artist_monthly_listeners_source"": ""Spotify public artist page"", ""artist_monthly_listeners_fetch_error"": """"}]",0,,"{""spotify"": ""https://open.spotify.com/track/0DBxP8Hwc8yjYBconLH1V6""}",{}
week6_24august,2026-08-24T10:19:20+00:00,Spotify,Aysima Karçaaltıncaba,aaaaysimaaaa,Week6_User5,Week6_User5,2PCz3oSvNsZDzuaZ7BOTbQ,spotify:playlist:2PCz3oSvNsZDzuaZ7BOTbQ,https://open.spotify.com/playlist/2PCz3oSvNsZDzuaZ7BOTbQ,,aaaaysimaaaa,Aysima Karçaaltıncaba,True,False,0,AAAAAzGxDqYlLwDW0tLldxgd//qgc+l/,,27,2026-08-24T10:12:32Z,aaaaysimaaaa,primary_artist_monthly_listeners,64321,"64,321",Spotify public artist page,false,,6nlP2XgdlmPDqq5bu5MBQF,spotify:track:6nlP2XgdlmPDqq5bu5MBQF,https://open.spotify.com/track/6nlP2XgdlmPDqq5bu5MBQF,Bay of Pigs,track,2,1,334200,334.200,False,False,True,,https://api.spotify.com/v1/tracks/6nlP2XgdlmPDqq5bu5MBQF,https://api.spotify.com/v1/tracks/6nlP2XgdlmPDqq5bu5MBQF,,,ATN261556402,,,7xbrVAihkTeTK4hzKEZm9T,spotify:album:7xbrVAihkTeTK4hzKEZm9T,https://open.spotify.com/album/7xbrVAihkTeTK4hzKEZm9T,Gods & Generals,album,,12,2015-05-11,day,,C: (C) 2015 Napalm Records Handels GmbH; P: (P) 2015 Napalm Records Handels GmbH,,https://i.scdn.co/image/ab67616d0000b273ba80c256070963c3123952ff,,6lGzC0JJCotCU9QZ2Lgi8T,Civil War,spotify:artist:6lGzC0JJCotCU9QZ2Lgi8T,https://open.spotify.com/artist/6lGzC0JJCotCU9QZ2Lgi8T,,,,64321,"64,321",false,Spotify public artist page,,https://i.scdn.co/image/ab6761610000e5eb5ec3818a12e0a32108c8ae7b,,6lGzC0JJCotCU9QZ2Lgi8T,Civil War,https://open.spotify.com/artist/6lGzC0JJCotCU9QZ2Lgi8T,"[{""artist_id"": ""6lGzC0JJCotCU9QZ2Lgi8T"", ""artist_name"": ""Civil War"", ""artist_url"": ""https://open.spotify.com/artist/6lGzC0JJCotCU9QZ2Lgi8T"", ""monthly_listeners"": ""64321"", ""monthly_listeners_display"": ""64,321"", ""is_approx"": ""false"", ""fetch_error"": """"}]","[{""artist_id"": ""6lGzC0JJCotCU9QZ2Lgi8T"", ""artist_name"": ""Civil War"", ""artist_uri"": ""spotify:artist:6lGzC0JJCotCU9QZ2Lgi8T"", ""artist_url"": ""https://open.spotify.com/artist/6lGzC0JJCotCU9QZ2Lgi8T"", ""artist_type"": ""artist"", ""artist_genres"": """", ""artist_spotify_api_popularity"": """", ""artist_followers_total"": """", ""artist_image_url"": ""https://i.scdn.co/image/ab6761610000e5eb5ec3818a12e0a32108c8ae7b"", ""artist_lookup_error"": """", ""artist_monthly_listeners"": ""64321"", ""artist_monthly_listeners_display"": ""64,321"", ""artist_monthly_listeners_is_approx"": ""false"", ""artist_monthly_listeners_source"": ""Spotify public artist page"", ""artist_monthly_listeners_fetch_error"": """"}]",0,,"{""spotify"": ""https://open.spotify.com/track/6nlP2XgdlmPDqq5bu5MBQF""}",{}
week6_24august,2026-08-24T10:19:20+00:00,Spotify,Aysima Karçaaltıncaba,aaaaysimaaaa,Week6_User5,Week6_User5,2PCz3oSvNsZDzuaZ7BOTbQ,spotify:playlist:2PCz3oSvNsZDzuaZ7BOTbQ,https://open.spotify.com/playlist/2PCz3oSvNsZDzuaZ7BOTbQ,,aaaaysimaaaa,Aysima Karçaaltıncaba,True,False,0,AAAAAzGxDqYlLwDW0tLldxgd//qgc+l/,,28,2026-08-24T10:12:32Z,aaaaysimaaaa,primary_artist_monthly_listeners,581833,"581,833",Spotify public artist page,false,,7LBb3wcsepFcv8vM1WB0YB,spotify:track:7LBb3wcsepFcv8vM1WB0YB,https://open.spotify.com/track/7LBb3wcsepFcv8vM1WB0YB,The Band of the Hawk,track,3,1,279533,279.533,False,False,True,,https://api.spotify.com/v1/tracks/7LBb3wcsepFcv8vM1WB0YB,https://api.spotify.com/v1/tracks/7LBb3wcsepFcv8vM1WB0YB,,,FIHYP1100034,,,6VRWhfv3OfgSzwuOy8Ft7d,spotify:album:6VRWhfv3OfgSzwuOy8Ft7d,https://open.spotify.com/album/6VRWhfv3OfgSzwuOy8Ft7d,Steel,album,,12,2012-01-27,day,,C: 2012 Nuclear Blast; P: 2012 Nuclear Blast,,https://i.scdn.co/image/ab67616d0000b2735b1379150df578bbdadccbab,,7k5jeohQCF20a8foBD9ize,Battle Beast,spotify:artist:7k5jeohQCF20a8foBD9ize,https://open.spotify.com/artist/7k5jeohQCF20a8foBD9ize,,,,581833,"581,833",false,Spotify public artist page,,https://i.scdn.co/image/ab6761610000e5eb736a6608998f7d7b5d8d3205,,7k5jeohQCF20a8foBD9ize,Battle Beast,https://open.spotify.com/artist/7k5jeohQCF20a8foBD9ize,"[{""artist_id"": ""7k5jeohQCF20a8foBD9ize"", ""artist_name"": ""Battle Beast"", ""artist_url"": ""https://open.spotify.com/artist/7k5jeohQCF20a8foBD9ize"", ""monthly_listeners"": ""581833"", ""monthly_listeners_display"": ""581,833"", ""is_approx"": ""false"", ""fetch_error"": """"}]","[{""artist_id"": ""7k5jeohQCF20a8foBD9ize"", ""artist_name"": ""Battle Beast"", ""artist_uri"": ""spotify:artist:7k5jeohQCF20a8foBD9ize"", ""artist_url"": ""https://open.spotify.com/artist/7k5jeohQCF20a8foBD9ize"", ""artist_type"": ""artist"", ""artist_genres"": """", ""artist_spotify_api_popularity"": """", ""artist_followers_total"": """", ""artist_image_url"": ""https://i.scdn.co/image/ab6761610000e5eb736a6608998f7d7b5d8d3205"", ""artist_lookup_error"": """", ""artist_monthly_listeners"": ""581833"", ""artist_monthly_listeners_display"": ""581,833"", ""artist_monthly_listeners_is_approx"": ""false"", ""artist_monthly_listeners_source"": ""Spotify public artist page"", ""artist_monthly_listeners_fetch_error"": """"}]",0,,"{""spotify"": ""https://open.spotify.com/track/7LBb3wcsepFcv8vM1WB0YB""}",{}
week6_24august,2026-08-24T10:19:20+00:00,Spotify,Aysima Karçaaltıncaba,aaaaysimaaaa,Week6_User5,Week6_User5,2PCz3oSvNsZDzuaZ7BOTbQ,spotify:playlist:2PCz3oSvNsZDzuaZ7BOTbQ,https://open.spotify.com/playlist/2PCz3oSvNsZDzuaZ7BOTbQ,,aaaaysimaaaa,Aysima Karçaaltıncaba,True,False,0,AAAAAzGxDqYlLwDW0tLldxgd//qgc+l/,,29,2026-08-24T10:12:32Z,aaaaysimaaaa,primary_artist_monthly_listeners,41577,"41,577",Spotify public artist page,false,,1u2RMFZK5gs50ezPL9oC6d,spotify:track:1u2RMFZK5gs50ezPL9oC6d,https://open.spotify.com/track/1u2RMFZK5gs50ezPL9oC6d,Glory Disappears,track,6,1,229035,229.035,False,False,True,,https://api.spotify.com/v1/tracks/1u2RMFZK5gs50ezPL9oC6d,https://api.spotify.com/v1/tracks/1u2RMFZK5gs50ezPL9oC6d,,,DEU602109377,,,6iDBykFuBbSaHhnPzVH1y9,spotify:album:6iDBykFuBbSaHhnPzVH1y9,https://open.spotify.com/album/6iDBykFuBbSaHhnPzVH1y9,Wall of Skulls,album,,11,2021-09-17,day,,C: 2021 AFM Records; P: 2021 AFM Records,,https://i.scdn.co/image/ab67616d0000b27362b155e0811ba456b601d89c,,6IlOclSCHgJ9Aix6QEktkO,Brainstorm,spotify:artist:6IlOclSCHgJ9Aix6QEktkO,https://open.spotify.com/artist/6IlOclSCHgJ9Aix6QEktkO,,,,41577,"41,577",false,Spotify public artist page,,https://i.scdn.co/image/ab6761610000e5eb400c8ce0e10003017f578bc8,,6IlOclSCHgJ9Aix6QEktkO,Brainstorm,https://open.spotify.com/artist/6IlOclSCHgJ9Aix6QEktkO,"[{""artist_id"": ""6IlOclSCHgJ9Aix6QEktkO"", ""artist_name"": ""Brainstorm"", ""artist_url"": ""https://open.spotify.com/artist/6IlOclSCHgJ9Aix6QEktkO"", ""monthly_listeners"": ""41577"", ""monthly_listeners_display"": ""41,577"", ""is_approx"": ""false"", ""fetch_error"": """"}]","[{""artist_id"": ""6IlOclSCHgJ9Aix6QEktkO"", ""artist_name"": ""Brainstorm"", ""artist_uri"": ""spotify:artist:6IlOclSCHgJ9Aix6QEktkO"", ""artist_url"": ""https://open.spotify.com/artist/6IlOclSCHgJ9Aix6QEktkO"", ""artist_type"": ""artist"", ""artist_genres"": """", ""artist_spotify_api_popularity"": """", ""artist_followers_total"": """", ""artist_image_url"": ""https://i.scdn.co/image/ab6761610000e5eb400c8ce0e10003017f578bc8"", ""artist_lookup_error"": """", ""artist_monthly_listeners"": ""41577"", ""artist_monthly_listeners_display"": ""41,577"", ""artist_monthly_listeners_is_approx"": ""false"", ""artist_monthly_listeners_source"": ""Spotify public artist page"", ""artist_monthly_listeners_fetch_error"": """"}]",0,,"{""spotify"": ""https://open.spotify.com/track/1u2RMFZK5gs50ezPL9oC6d""}",{}
week6_24august,2026-08-24T10:19:20+00:00,Spotify,Aysima Karçaaltıncaba,aaaaysimaaaa,Week6_User5,Week6_User5,2PCz3oSvNsZDzuaZ7BOTbQ,spotify:playlist:2PCz3oSvNsZDzuaZ7BOTbQ,https://open.spotify.com/playlist/2PCz3oSvNsZDzuaZ7BOTbQ,,aaaaysimaaaa,Aysima Karçaaltıncaba,True,False,0,AAAAAzGxDqYlLwDW0tLldxgd//qgc+l/,,30,2026-08-24T10:12:32Z,aaaaysimaaaa,primary_artist_monthly_listeners,84601,"84,601",Spotify public artist page,false,,1WioQWthSxR9RgaA2dRH4y,spotify:track:1WioQWthSxR9RgaA2dRH4y,https://open.spotify.com/track/1WioQWthSxR9RgaA2dRH4y,Anima Mundi,track,3,1,213733,213.733,False,False,True,,https://api.spotify.com/v1/tracks/1WioQWthSxR9RgaA2dRH4y,https://api.spotify.com/v1/tracks/1WioQWthSxR9RgaA2dRH4y,,,DEZ900500530,,,6j08zeAcOb1cJWSzhZFxa0,spotify:album:6j08zeAcOb1cJWSzhZFxa0,https://open.spotify.com/album/6j08zeAcOb1cJWSzhZFxa0,Anima Mundi,album,,11,2004-01-19,day,,C: 2004 AFM Records; P: 2004 AFM Records,,https://i.scdn.co/image/ab67616d0000b2737acd9c5ab79c819f48701710,,39AhZ0oT49zA0WOAbfHVMM,Dionysus,spotify:artist:39AhZ0oT49zA0WOAbfHVMM,https://open.spotify.com/artist/39AhZ0oT49zA0WOAbfHVMM,,,,84601,"84,601",false,Spotify public artist page,,https://i.scdn.co/image/ab6761610000e5eb3eb3e30b92f0fc2fde4b86d0,,39AhZ0oT49zA0WOAbfHVMM,Dionysus,https://open.spotify.com/artist/39AhZ0oT49zA0WOAbfHVMM,"[{""artist_id"": ""39AhZ0oT49zA0WOAbfHVMM"", ""artist_name"": ""Dionysus"", ""artist_url"": ""https://open.spotify.com/artist/39AhZ0oT49zA0WOAbfHVMM"", ""monthly_listeners"": ""84601"", ""monthly_listeners_display"": ""84,601"", ""is_approx"": ""false"", ""fetch_error"": """"}]","[{""artist_id"": ""39AhZ0oT49zA0WOAbfHVMM"", ""artist_name"": ""Dionysus"", ""artist_uri"": ""spotify:artist:39AhZ0oT49zA0WOAbfHVMM"", ""artist_url"": ""https://open.spotify.com/artist/39AhZ0oT49zA0WOAbfHVMM"", ""artist_type"": ""artist"", ""artist_genres"": """", ""artist_spotify_api_popularity"": """", ""artist_followers_total"": """", ""artist_image_url"": ""https://i.scdn.co/image/ab6761610000e5eb3eb3e30b92f0fc2fde4b86d0"", ""artist_lookup_error"": """", ""artist_monthly_listeners"": ""84601"", ""artist_monthly_listeners_display"": ""84,601"", ""artist_monthly_listeners_is_approx"": ""false"", ""artist_monthly_listeners_source"": ""Spotify public artist page"", ""artist_monthly_listeners_fetch_error"": """"}]",0,,"{""spotify"": ""https://open.spotify.com/track/1WioQWthSxR9RgaA2dRH4y""}",{}
