snapshot_label,captured_at_utc,platform,metadata_access,playlist_name,playlist_position,candidate_id,research_artist,research_title,artist_origin_country_research,expected_release_year_research,genre_style_research,youtube_video_id,youtube_music_url,youtube_url,youtube_title,youtube_artists,video_type,category,duration_seconds,view_count,view_count_source,previous_view_count,previous_view_capture_utc,view_count_change,view_count_change_fraction,average_views_added_per_day,like_count,comment_count,like_comment_availability_note,primary_artist_channel_id,primary_artist_name,artist_subscribers_display,artist_subscribers_approx,artist_channel_views,artist_description,artist_song_shelf_count,artist_album_shelf_count,artist_single_shelf_count,artist_video_shelf_count,topic_channel_owner,topic_channel_url,album_browse_id,album_name,album_type,album_year,album_track_count,album_duration_seconds,album_audio_playlist_id,upload_date,publish_date,available_country_count,available_country_codes,available_countries_note,is_available,is_explicit_track,is_explicit_album,family_safe,unlisted,paid,allow_ratings,is_live_content,is_private,is_crawlable,playability_status,playable_in_embed,tags,thumbnail_url,song_fetch_error,watch_fetch_error,artist_fetch_error,album_fetch_error,selection_method,youtube_selected_tier,original_pool_youtube_percentile,original_pool_youtube_rank_tier,original_pool_youtube_log10_popularity,views_rank_within_playlist_desc,views_percentile_within_playlist,views_log10
week1_13july,2026-07-14T10:57:52+00:00,YouTube Music,anonymous public YouTube Music web API,Heavy Metal MCT,1,M084,Exlibris,Hellphoria,Poland,2013,power metal,IVSlnryCW7s,https://music.youtube.com/watch?v=IVSlnryCW7s,https://www.youtube.com/watch?v=IVSlnryCW7s,Hellphoria,Exlibris,MUSIC_VIDEO_TYPE_ATV,Music,197,1430,ytmusicapi player response videoDetails.viewCount,1423,2026-06-29T19:44:09+00:00,7,0.004919184820801124,0.4783209416469014,,,Exact public like/comment counts require the parked official YouTube Data API integration; not returned by the YouTube Music endpoint used.,UCvH3JebPOIxBSA1vGmv515A,Exlibris,131,131,,,5,2,1,10,Exlibris - Topic,http://www.youtube.com/channel/UCvH3JebPOIxBSA1vGmv515A,MPREb_pc2Bn58vkWQ,Humagination,Album,2016,12,3336,OLAK5uy_mBG4WmDkmBJW49cZU8DZmH9QKM9VMQle4,2020-05-13T07:44:15-07:00,2020-05-13T07:44:15-07:00,123,AE;AR;AS;AT;AU;AW;AZ;BA;BD;BE;BG;BH;BM;BO;BR;BY;CA;CH;CL;CO;CR;CY;CZ;DE;DK;DO;DZ;EC;EE;EG;ES;FI;FR;GB;GE;GF;GH;GP;GR;GT;GU;HK;HN;HR;HU;ID;IE;IL;IN;IQ;IS;IT;JM;JO;JP;KE;KH;KR;KW;KY;KZ;LA;LB;LI;LK;LT;LU;LV;LY;MA;MK;MP;MQ;MT;MX;MY;NC;NG;NI;NL;NO;NP;NZ;OM;PA;PE;PF;PG;PH;PK;PL;PR;PT;PY;QA;RE;RO;RS;RU;SA;SE;SG;SI;SK;SN;SV;TC;TH;TN;TR;TW;TZ;UA;UG;US;UY;VE;VI;VN;YE;YT;ZA;ZW,"Distribution territories, not artist origin or audience geography.",,,False,True,False,False,True,False,False,True,OK,True,Exlibris; Humagination; Hellphoria,https://i.ytimg.com/vi/IVSlnryCW7s/maxresdefault.jpg,,,,,rank,Low,10.24,Low,3.153510,26.0,15.0,3.155336037
week1_13july,2026-07-14T10:57:52+00:00,YouTube Music,anonymous public YouTube Music web API,Heavy Metal MCT,2,M045,Carthagods,The Devil's Doll,Tunisia,2015,heavy metal,FnGWUPTT9vk,https://music.youtube.com/watch?v=FnGWUPTT9vk,https://www.youtube.com/watch?v=FnGWUPTT9vk,The Devil's Doll,Carthagods,MUSIC_VIDEO_TYPE_ATV,Music,357,1804,ytmusicapi player response videoDetails.viewCount,1797,2026-06-29T19:44:09+00:00,7,0.0038953811908736783,0.4783209416469014,,,Exact public like/comment counts require the parked official YouTube Data API integration; not returned by the YouTube Music endpoint used.,UCBQHJEl4m3XG0_wEpEXAwDw,Carthagods,630,630,,,5,2,1,5,Carthagods - Topic,http://www.youtube.com/channel/UCBQHJEl4m3XG0_wEpEXAwDw,MPREb_Yqns0PKaiEM,The Devil's Doll,Single,2018,1,357,OLAK5uy_laht0rN4yDoMtP3HIAb42D8JbOMGQtCyc,2018-12-31T11:44:14-08:00,2018-12-31T11:44:14-08:00,249,AD;AE;AF;AG;AI;AL;AM;AO;AQ;AR;AS;AT;AU;AW;AX;AZ;BA;BB;BD;BE;BF;BG;BH;BI;BJ;BL;BM;BN;BO;BQ;BR;BS;BT;BV;BW;BY;BZ;CA;CC;CD;CF;CG;CH;CI;CK;CL;CM;CN;CO;CR;CU;CV;CW;CX;CY;CZ;DE;DJ;DK;DM;DO;DZ;EC;EE;EG;EH;ER;ES;ET;FI;FJ;FK;FM;FO;FR;GA;GB;GD;GE;GF;GG;GH;GI;GL;GM;GN;GP;GQ;GR;GS;GT;GU;GW;GY;HK;HM;HN;HR;HT;HU;ID;IE;IL;IM;IN;IO;IQ;IR;IS;IT;JE;JM;JO;JP;KE;KG;KH;KI;KM;KN;KP;KR;KW;KY;KZ;LA;LB;LC;LI;LK;LR;LS;LT;LU;LV;LY;MA;MC;MD;ME;MF;MG;MH;MK;ML;MM;MN;MO;MP;MQ;MR;MS;MT;MU;MV;MW;MX;MY;MZ;NA;NC;NE;NF;NG;NI;NL;NO;NP;NR;NU;NZ;OM;PA;PE;PF;PG;PH;PK;PL;PM;PN;PR;PS;PT;PW;PY;QA;RE;RO;RS;RU;RW;SA;SB;SC;SD;SE;SG;SH;SI;SJ;SK;SL;SM;SN;SO;SR;SS;ST;SV;SX;SY;SZ;TC;TD;TF;TG;TH;TJ;TK;TL;TM;TN;TO;TR;TT;TV;TW;TZ;UA;UG;UM;US;UY;UZ;VA;VC;VE;VG;VI;VN;VU;WF;WS;YE;YT;ZA;ZM;ZW,"Distribution territories, not artist origin or audience geography.",,,False,True,False,False,True,False,False,True,OK,True,Carthagods; The Devil's Doll,https://i.ytimg.com/vi/FnGWUPTT9vk/maxresdefault.jpg,,,,,rank,Low,13.86,Low,3.254790,24.0,21.666667,3.256236533
week1_13july,2026-07-14T10:57:52+00:00,YouTube Music,anonymous public YouTube Music web API,Heavy Metal MCT,3,M074,Skinflint,Flesh Potion,Botswana,2022,heavy metal,Lm9xUURZJ6k,https://music.youtube.com/watch?v=Lm9xUURZJ6k,https://www.youtube.com/watch?v=Lm9xUURZJ6k,Flesh Potion,Skinflint,MUSIC_VIDEO_TYPE_ATV,Music,294,884,ytmusicapi player response videoDetails.viewCount,863,2026-06-29T19:44:09+00:00,21,0.02433371958285052,1.4349628249407043,,,Exact public like/comment counts require the parked official YouTube Data API integration; not returned by the YouTube Music endpoint used.,UC40niflL8sUAjeSquCCQ6Pg,Skinflint,3.61K,3610,785495,"Skinflint is a heavy metal band from Gaborone, Botswana. They have incorporated elements from African culture into heavy metal music, attracting the attention of international media. Their releases, Iklwa, Gauna and Dipoko, pay homage to ancestral beliefs and African spirituality, while the band still plays in the vein of traditional heavy metal.

From Wikipedia (",5,2,2,10,Skinflint - Topic,http://www.youtube.com/channel/UC40niflL8sUAjeSquCCQ6Pg,MPREb_cKB06epOyKh,Adze,EP,2022,4,1015,OLAK5uy_nzhJcsyveSQQsIqJIw35kIc9oYoclzDoY,2023-03-06T15:15:59-08:00,2023-03-06T15:15:59-08:00,244,AD;AE;AF;AG;AI;AL;AM;AO;AQ;AR;AS;AT;AU;AW;AX;AZ;BA;BB;BD;BE;BF;BG;BH;BI;BJ;BL;BM;BN;BO;BQ;BR;BS;BT;BV;BW;BY;BZ;CA;CC;CD;CF;CG;CH;CI;CK;CL;CM;CN;CO;CR;CV;CW;CX;CY;CZ;DE;DJ;DK;DM;DO;DZ;EC;EE;EG;EH;ER;ES;ET;FI;FJ;FK;FM;FO;FR;GA;GB;GD;GE;GF;GG;GH;GI;GL;GM;GN;GP;GQ;GR;GS;GT;GU;GW;GY;HK;HM;HN;HR;HT;HU;ID;IE;IL;IM;IN;IO;IQ;IS;IT;JE;JM;JO;JP;KE;KG;KH;KI;KM;KN;KR;KW;KY;KZ;LA;LB;LC;LI;LK;LR;LS;LT;LU;LV;LY;MA;MC;MD;ME;MF;MG;MH;MK;ML;MM;MN;MO;MP;MQ;MR;MS;MT;MU;MV;MW;MX;MY;MZ;NA;NC;NE;NF;NG;NI;NL;NO;NP;NR;NU;NZ;OM;PA;PE;PF;PG;PH;PK;PL;PM;PN;PR;PS;PT;PW;PY;QA;RE;RO;RS;RU;RW;SA;SB;SC;SE;SG;SH;SI;SJ;SK;SL;SM;SN;SO;SR;SS;ST;SV;SX;SZ;TC;TD;TF;TG;TH;TJ;TK;TL;TM;TN;TO;TR;TT;TV;TW;TZ;UA;UG;UM;US;UY;UZ;VA;VC;VE;VG;VI;VN;VU;WF;WS;YE;YT;ZA;ZM;ZW,"Distribution territories, not artist origin or audience geography.",,,False,True,False,False,True,False,False,True,OK,True,Skinflint; Adze; Flesh Potion,https://i.ytimg.com/vi/Lm9xUURZJ6k/maxresdefault.jpg,,,,,rank,Low,7.83,Low,2.936514,28.0,8.333333,2.946452265
week1_13july,2026-07-14T10:57:52+00:00,YouTube Music,anonymous public YouTube Music web API,Heavy Metal MCT,4,M080,Arrayan Path,Stigmata,Cyprus,2018,power metal,CxTRjHDxL4w,https://music.youtube.com/watch?v=CxTRjHDxL4w,https://www.youtube.com/watch?v=CxTRjHDxL4w,Stigmata,Arrayan Path,MUSIC_VIDEO_TYPE_ATV,Music,388,1979,ytmusicapi player response videoDetails.viewCount,1955,2026-06-29T19:44:09+00:00,24,0.012276214833759591,1.6399575142179477,,,Exact public like/comment counts require the parked official YouTube Data API integration; not returned by the YouTube Music endpoint used.,UCuHe2B3O1dUqWYEM7BiNoog,Arrayan Path,543,543,,,5,8,2,10,Arrayan Path - Topic,http://www.youtube.com/channel/UCuHe2B3O1dUqWYEM7BiNoog,MPREb_qk3LA0tjUJo,IV: Stigmata,Album,2013,10,3133,OLAK5uy_kapuWO3P5k0JzyxRyT7ywSXKxozfzb4-4,2022-10-02T03:02:21-07:00,2022-10-02T03:02:21-07:00,122,AE;AR;AS;AT;AU;AW;AZ;BA;BD;BE;BG;BH;BM;BO;BR;BY;CA;CH;CL;CO;CR;CY;CZ;DE;DK;DO;DZ;EC;EE;EG;ES;FI;FR;GB;GE;GF;GH;GP;GR;GT;GU;HK;HN;HR;HU;ID;IE;IL;IN;IQ;IS;IT;JM;JO;JP;KE;KH;KR;KW;KY;KZ;LA;LB;LI;LK;LT;LU;LV;LY;MA;MK;MP;MQ;MT;MX;MY;NC;NG;NI;NL;NO;NP;NZ;OM;PA;PE;PF;PG;PH;PK;PL;PR;PT;PY;QA;RE;RO;RS;SA;SE;SG;SI;SK;SN;SV;TC;TH;TN;TR;TW;TZ;UA;UG;US;UY;VE;VI;VN;YE;YT;ZA;ZW,"Distribution territories, not artist origin or audience geography.",,,False,True,False,False,True,False,False,True,OK,True,Arrayan Path; IV: Stigmata; Stigmata,https://i.ytimg.com/vi/CxTRjHDxL4w/maxresdefault.jpg,,,,,rank,Low,15.06,Low,3.291369,23.0,25.0,3.296445794
week1_13july,2026-07-14T10:57:52+00:00,YouTube Music,anonymous public YouTube Music web API,Heavy Metal MCT,5,M081,Eagleheart,Reverse,Czech Republic,2017,power metal,U20b7be3zO8,https://music.youtube.com/watch?v=U20b7be3zO8,https://www.youtube.com/watch?v=U20b7be3zO8,Reverse,Eagleheart,MUSIC_VIDEO_TYPE_ATV,Music,375,1246,ytmusicapi player response videoDetails.viewCount,1241,2026-06-29T19:44:09+00:00,5,0.0040290088638195,0.34165781546207247,,,Exact public like/comment counts require the parked official YouTube Data API integration; not returned by the YouTube Music endpoint used.,UCsr-GNQUEoTfMzsCFjozGCg,Eagleheart,151,151,,,5,3,1,10,Eagleheart - Topic,http://www.youtube.com/channel/UCsr-GNQUEoTfMzsCFjozGCg,MPREb_eXn583hYq9P,Reverse,Album,2017,12,3238,OLAK5uy_lLFQnhOoCwogU3vkE_kNr6IovEiaqzchg,2020-04-03T06:30:39-07:00,2020-04-03T06:30:39-07:00,123,AE;AR;AS;AT;AU;AW;AZ;BA;BD;BE;BG;BH;BM;BO;BR;BY;CA;CH;CL;CO;CR;CY;CZ;DE;DK;DO;DZ;EC;EE;EG;ES;FI;FR;GB;GE;GF;GH;GP;GR;GT;GU;HK;HN;HR;HU;ID;IE;IL;IN;IQ;IS;IT;JM;JO;JP;KE;KH;KR;KW;KY;KZ;LA;LB;LI;LK;LT;LU;LV;LY;MA;MK;MP;MQ;MT;MX;MY;NC;NG;NI;NL;NO;NP;NZ;OM;PA;PE;PF;PG;PH;PK;PL;PR;PT;PY;QA;RE;RO;RS;RU;SA;SE;SG;SI;SK;SN;SV;TC;TH;TN;TR;TW;TZ;UA;UG;US;UY;VE;VI;VN;YE;YT;ZA;ZW,"Distribution territories, not artist origin or audience geography.",,,False,True,False,False,True,False,False,True,OK,True,Eagleheart; Reverse,https://i.ytimg.com/vi/U20b7be3zO8/maxresdefault.jpg,,,,,rank,Low,9.04,Low,3.094122,27.0,11.666667,3.095518042
week1_13july,2026-07-14T10:57:52+00:00,YouTube Music,anonymous public YouTube Music web API,Heavy Metal MCT,6,M065,Attick Demons,City of Golden Gates,Portugal,2016,heavy metal,DAV2A8R2x1w,https://music.youtube.com/watch?v=DAV2A8R2x1w,https://www.youtube.com/watch?v=DAV2A8R2x1w,City of Golden Gates,Attick Demons,MUSIC_VIDEO_TYPE_ATV,Music,318,2508,ytmusicapi player response videoDetails.viewCount,2445,2026-06-29T19:44:09+00:00,63,0.025766871165644172,4.304888474822112,,,Exact public like/comment counts require the parked official YouTube Data API integration; not returned by the YouTube Music endpoint used.,UCwXb3EDZKD0pSgH53m46R2A,Attick Demons,643,643,,,5,3,4,10,Attick Demons - Topic,http://www.youtube.com/channel/UCwXb3EDZKD0pSgH53m46R2A,MPREb_RsK4f4xkC9j,Atlantis,Album,2020,11,3353,OLAK5uy_lgOBtZiVCelXrp5Kur7gEiVcufpy1NzRg,2024-12-01T02:02:37-08:00,2024-12-01T02:02:37-08:00,122,AE;AR;AS;AT;AU;AW;AZ;BA;BD;BE;BG;BH;BM;BO;BR;BY;CA;CH;CL;CO;CR;CY;CZ;DE;DK;DO;DZ;EC;EE;EG;ES;FI;FR;GB;GE;GF;GH;GP;GR;GT;GU;HK;HN;HR;HU;ID;IE;IL;IN;IQ;IS;IT;JM;JO;JP;KE;KH;KR;KW;KY;KZ;LA;LB;LI;LK;LT;LU;LV;LY;MA;MK;MP;MQ;MT;MX;MY;NC;NG;NI;NL;NO;NP;NZ;OM;PA;PE;PF;PG;PH;PK;PL;PR;PT;PY;QA;RE;RO;RS;SA;SE;SG;SI;SK;SN;SV;TC;TH;TN;TR;TW;TZ;UA;UG;US;UY;VE;VI;VN;YE;YT;ZA;ZW,"Distribution territories, not artist origin or audience geography.",,,False,True,False,False,True,False,False,True,OK,True,Attick Demons; Artur Almeida; Gonçalo Pais; João Clemente; Luis Figueira; Nuno Martins; Atlantis; City of Golden Gates,https://i.ytimg.com/vi/DAV2A8R2x1w/maxresdefault.jpg,,,,,rank,Low,17.47,Low,3.388456,22.0,28.333333,3.399327532
week1_13july,2026-07-14T10:57:52+00:00,YouTube Music,anonymous public YouTube Music web API,Heavy Metal MCT,7,M050,LORD,United,Australia,2019,power metal,p3syPBCnQ3w,https://music.youtube.com/watch?v=p3syPBCnQ3w,https://www.youtube.com/watch?v=p3syPBCnQ3w,United,Lord,MUSIC_VIDEO_TYPE_ATV,Music,298,1611,ytmusicapi player response videoDetails.viewCount,1594,2026-06-29T19:44:09+00:00,17,0.01066499372647428,1.1616365725710462,,,Exact public like/comment counts require the parked official YouTube Data API integration; not returned by the YouTube Music endpoint used.,UC7LYgCcJc8xSzTGfgCDRLYQ,Lord,7.67K,7670,2338241,Australian Heavy Metal - ,5,10,10,10,LORD - Topic,http://www.youtube.com/channel/UC7LYgCcJc8xSzTGfgCDRLYQ,MPREb_X9YrU2ISbuB,United,Single,2019,1,298,OLAK5uy_nUrq5tsL8IB-OIV2su9dcOVelhq_Eui88,2019-03-01T16:34:50-08:00,2019-03-01T16:34:50-08:00,249,AD;AE;AF;AG;AI;AL;AM;AO;AQ;AR;AS;AT;AU;AW;AX;AZ;BA;BB;BD;BE;BF;BG;BH;BI;BJ;BL;BM;BN;BO;BQ;BR;BS;BT;BV;BW;BY;BZ;CA;CC;CD;CF;CG;CH;CI;CK;CL;CM;CN;CO;CR;CU;CV;CW;CX;CY;CZ;DE;DJ;DK;DM;DO;DZ;EC;EE;EG;EH;ER;ES;ET;FI;FJ;FK;FM;FO;FR;GA;GB;GD;GE;GF;GG;GH;GI;GL;GM;GN;GP;GQ;GR;GS;GT;GU;GW;GY;HK;HM;HN;HR;HT;HU;ID;IE;IL;IM;IN;IO;IQ;IR;IS;IT;JE;JM;JO;JP;KE;KG;KH;KI;KM;KN;KP;KR;KW;KY;KZ;LA;LB;LC;LI;LK;LR;LS;LT;LU;LV;LY;MA;MC;MD;ME;MF;MG;MH;MK;ML;MM;MN;MO;MP;MQ;MR;MS;MT;MU;MV;MW;MX;MY;MZ;NA;NC;NE;NF;NG;NI;NL;NO;NP;NR;NU;NZ;OM;PA;PE;PF;PG;PH;PK;PL;PM;PN;PR;PS;PT;PW;PY;QA;RE;RO;RS;RU;RW;SA;SB;SC;SD;SE;SG;SH;SI;SJ;SK;SL;SM;SN;SO;SR;SS;ST;SV;SX;SY;SZ;TC;TD;TF;TG;TH;TJ;TK;TL;TM;TN;TO;TR;TT;TV;TW;TZ;UA;UG;UM;US;UY;UZ;VA;VC;VE;VG;VI;VN;VU;WF;WS;YE;YT;ZA;ZM;ZW,"Distribution territories, not artist origin or audience geography.",,,False,True,False,False,True,False,False,True,OK,True,Lord; United,https://i.ytimg.com/vi/p3syPBCnQ3w/maxresdefault.jpg,,,,,rank,Low,12.65,Low,3.202761,25.0,18.333333,3.20709554
week1_13july,2026-07-14T10:57:52+00:00,YouTube Music,anonymous public YouTube Music web API,Heavy Metal MCT,8,M038,Concerto Moon,Alone in Paradise,Japan,2017,power metal,IsRd3kIThAo,https://music.youtube.com/watch?v=IsRd3kIThAo,https://www.youtube.com/watch?v=IsRd3kIThAo,ALONE IN PARADISE,CONCERTO MOON,MUSIC_VIDEO_TYPE_ATV,Music,279,281,ytmusicapi player response videoDetails.viewCount,242,2026-06-29T19:44:09+00:00,39,0.16115702479338842,2.664930960604165,,,Exact public like/comment counts require the parked official YouTube Data API integration; not returned by the YouTube Music endpoint used.,UCRMNqkROJPae4hhmnnvN_RQ,CONCERTO MOON,3.98K,3980,828621,"Concerto Moon is a Japanese neoclassical metal/power metal band formed in 1996 and led by guitarist Norifumi Shima.
The band's first two albums were reissued by InsideOut Music in 2003.

From Wikipedia (",5,10,4,7,CONCERTO MOON - Topic,http://www.youtube.com/channel/UCRMNqkROJPae4hhmnnvN_RQ,MPREb_7LRv3Rj1vFv,OUROBOROS,Album,2019,12,4227,OLAK5uy_l_xZVgawxrap74lszGowd8f8QmqvkO_WY,2025-12-15T02:02:56-08:00,2025-12-15T02:02:56-08:00,249,AD;AE;AF;AG;AI;AL;AM;AO;AQ;AR;AS;AT;AU;AW;AX;AZ;BA;BB;BD;BE;BF;BG;BH;BI;BJ;BL;BM;BN;BO;BQ;BR;BS;BT;BV;BW;BY;BZ;CA;CC;CD;CF;CG;CH;CI;CK;CL;CM;CN;CO;CR;CU;CV;CW;CX;CY;CZ;DE;DJ;DK;DM;DO;DZ;EC;EE;EG;EH;ER;ES;ET;FI;FJ;FK;FM;FO;FR;GA;GB;GD;GE;GF;GG;GH;GI;GL;GM;GN;GP;GQ;GR;GS;GT;GU;GW;GY;HK;HM;HN;HR;HT;HU;ID;IE;IL;IM;IN;IO;IQ;IR;IS;IT;JE;JM;JO;JP;KE;KG;KH;KI;KM;KN;KP;KR;KW;KY;KZ;LA;LB;LC;LI;LK;LR;LS;LT;LU;LV;LY;MA;MC;MD;ME;MF;MG;MH;MK;ML;MM;MN;MO;MP;MQ;MR;MS;MT;MU;MV;MW;MX;MY;MZ;NA;NC;NE;NF;NG;NI;NL;NO;NP;NR;NU;NZ;OM;PA;PE;PF;PG;PH;PK;PL;PM;PN;PR;PS;PT;PW;PY;QA;RE;RO;RS;RU;RW;SA;SB;SC;SD;SE;SG;SH;SI;SJ;SK;SL;SM;SN;SO;SR;SS;ST;SV;SX;SY;SZ;TC;TD;TF;TG;TH;TJ;TK;TL;TM;TN;TO;TR;TT;TV;TW;TZ;UA;UG;UM;US;UY;UZ;VA;VC;VE;VG;VI;VN;VU;WF;WS;YE;YT;ZA;ZM;ZW,"Distribution territories, not artist origin or audience geography.",,,False,True,False,False,True,False,False,True,OK,True,CONCERTO MOON; OUROBOROS; ALONE IN PARADISE,https://i.ytimg.com/vi/IsRd3kIThAo/maxresdefault.jpg,,,,,rank,Low,3.01,Low,2.385606,29.0,5.0,2.44870632
week1_13july,2026-07-14T10:57:52+00:00,YouTube Music,anonymous public YouTube Music web API,Heavy Metal MCT,9,M076,Emerald,Digital Slavery,Switzerland,2012,heavy metal,-Qz9Af0Gcmg,https://music.youtube.com/watch?v=-Qz9Af0Gcmg,https://www.youtube.com/watch?v=-Qz9Af0Gcmg,Digital Slavery,Emerald,MUSIC_VIDEO_TYPE_ATV,Music,233,172,ytmusicapi player response videoDetails.viewCount,150,2026-06-29T19:44:09+00:00,22,0.14666666666666667,1.5032943880331187,,,Exact public like/comment counts require the parked official YouTube Data API integration; not returned by the YouTube Music endpoint used.,UCMxiloAgB1veXuoOYr8Rm4A,Emerald,210,210,,,5,8,2,10,Emerald - Topic,http://www.youtube.com/channel/UCMxiloAgB1veXuoOYr8Rm4A,MPREb_FZGa82LS4y0,Digital Slavery,Single,2019,1,233,OLAK5uy_nOuxEBFK8BBwYnhV3lEki34Gs0ZPoeMoE,2024-12-01T02:01:42-08:00,2024-12-01T02:01:42-08:00,122,AE;AR;AS;AT;AU;AW;AZ;BA;BD;BE;BG;BH;BM;BO;BR;BY;CA;CH;CL;CO;CR;CY;CZ;DE;DK;DO;DZ;EC;EE;EG;ES;FI;FR;GB;GE;GF;GH;GP;GR;GT;GU;HK;HN;HR;HU;ID;IE;IL;IN;IQ;IS;IT;JM;JO;JP;KE;KH;KR;KW;KY;KZ;LA;LB;LI;LK;LT;LU;LV;LY;MA;MK;MP;MQ;MT;MX;MY;NC;NG;NI;NL;NO;NP;NZ;OM;PA;PE;PF;PG;PH;PK;PL;PR;PT;PY;QA;RE;RO;RS;SA;SE;SG;SI;SK;SN;SV;TC;TH;TN;TR;TW;TZ;UA;UG;US;UY;VE;VI;VN;YE;YT;ZA;ZW,"Distribution territories, not artist origin or audience geography.",,,False,True,False,False,True,False,False,True,OK,True,Emerald; Alexander Spicher; Julien Menth; Digital Slavery,https://i.ytimg.com/vi/-Qz9Af0Gcmg/maxresdefault.jpg,,,,,rank,Low,1.81,Low,2.178977,30.0,1.666667,2.235528447
week1_13july,2026-07-14T10:57:52+00:00,YouTube Music,anonymous public YouTube Music web API,Heavy Metal MCT,10,M062,Fireforce,Combat Metal,Belgium,2014,heavy metal,zip1C800tdU,https://music.youtube.com/watch?v=zip1C800tdU,https://www.youtube.com/watch?v=zip1C800tdU,Combat Metal,Fireforce,MUSIC_VIDEO_TYPE_ATV,Music,259,23399,ytmusicapi player response videoDetails.viewCount,23220,2026-06-29T19:44:09+00:00,179,0.007708871662360035,12.231349793542194,,,Exact public like/comment counts require the parked official YouTube Data API integration; not returned by the YouTube Music endpoint used.,UCyyAPt8fbTp8UJAhGYf-Iaw,Fireforce,567,567,,,5,3,6,10,FireForce - Topic,http://www.youtube.com/channel/UCyyAPt8fbTp8UJAhGYf-Iaw,MPREb_TxcUw583Vma,Deathbringer,Album,2014,13,3235,OLAK5uy_kBCXBnAMRWQIPMXAagwj_0pM4gTDX5bvE,2018-04-30T05:13:48-07:00,2018-04-30T05:13:48-07:00,123,AE;AR;AS;AT;AU;AW;AZ;BA;BD;BE;BG;BH;BM;BO;BR;BY;CA;CH;CL;CO;CR;CY;CZ;DE;DK;DO;DZ;EC;EE;EG;ES;FI;FR;GB;GE;GF;GH;GP;GR;GT;GU;HK;HN;HR;HU;ID;IE;IL;IN;IQ;IS;IT;JM;JO;JP;KE;KH;KR;KW;KY;KZ;LA;LB;LI;LK;LT;LU;LV;LY;MA;MK;MP;MQ;MT;MX;MY;NC;NG;NI;NL;NO;NP;NZ;OM;PA;PE;PF;PG;PH;PK;PL;PR;PT;PY;QA;RE;RO;RS;RU;SA;SE;SG;SI;SK;SN;SV;TC;TH;TN;TR;TW;TZ;UA;UG;US;UY;VE;VI;VN;YE;YT;ZA;ZW,"Distribution territories, not artist origin or audience geography.",,,False,True,False,False,True,False,False,True,OK,True,Fireforce; Deathbringer; Combat Metal,https://i.ytimg.com/vi/zip1C800tdU/maxresdefault.jpg,,,,,rank,Middle,42.77,Middle,4.365881,20.0,35.0,4.369197297
week1_13july,2026-07-14T10:57:52+00:00,YouTube Music,anonymous public YouTube Music web API,Heavy Metal MCT,11,M064,Sortilège,Messager - 2021,France,2021,heavy metal,mbrjS9BqzGw,https://music.youtube.com/watch?v=mbrjS9BqzGw,https://www.youtube.com/watch?v=mbrjS9BqzGw,Messager (2021),Sortilège,MUSIC_VIDEO_TYPE_ATV,Music,280,4506,ytmusicapi player response videoDetails.viewCount,4487,2026-06-29T19:44:09+00:00,19,0.0042344550924894135,1.2982996987558753,,,Exact public like/comment counts require the parked official YouTube Data API integration; not returned by the YouTube Music endpoint used.,UCQVKzUlIf6dJaE8PGavmt5A,Sortilège,5.31K,5310,1284159,"Sortilège is a French heavy metal band from Paris, regarded as a cult band of the French scene. The group ceased to exist in 1986 but reformed in 2019.

From Wikipedia (",5,8,6,5,Sortilège - Topic,http://www.youtube.com/channel/UCQVKzUlIf6dJaE8PGavmt5A,MPREb_EWZ6rn0FypI,Phoenix,Album,2021,14,3812,OLAK5uy_n2l11dTVZuCugCgv7dRehkDKTZIeZ91LM,2021-08-26T03:06:25-07:00,2021-08-26T03:06:25-07:00,235,AE;AF;AG;AI;AL;AM;AO;AQ;AR;AS;AT;AU;AW;AX;AZ;BA;BB;BD;BE;BF;BG;BH;BI;BJ;BM;BN;BO;BQ;BR;BS;BT;BV;BW;BY;BZ;CA;CC;CD;CF;CG;CH;CI;CK;CL;CM;CN;CO;CR;CU;CV;CW;CX;CY;CZ;DE;DJ;DK;DM;DO;DZ;EC;EE;EG;EH;ER;ES;ET;FI;FJ;FK;FM;FO;GA;GB;GD;GE;GG;GH;GI;GL;GM;GN;GQ;GR;GS;GT;GU;GW;GY;HK;HM;HN;HR;HT;HU;ID;IE;IL;IM;IN;IO;IQ;IR;IS;IT;JE;JM;JO;JP;KE;KG;KH;KI;KM;KN;KP;KR;KW;KY;KZ;LA;LB;LC;LI;LK;LR;LS;LT;LU;LV;LY;MA;MD;ME;MG;MH;MK;ML;MM;MN;MO;MP;MR;MS;MT;MU;MV;MW;MX;MY;MZ;NA;NE;NF;NG;NI;NL;NO;NP;NR;NU;NZ;OM;PA;PE;PF;PG;PH;PK;PL;PN;PR;PS;PT;PW;PY;QA;RO;RS;RU;RW;SA;SB;SC;SD;SE;SG;SH;SI;SJ;SK;SL;SM;SN;SO;SR;SS;ST;SV;SX;SY;SZ;TC;TD;TG;TH;TJ;TK;TL;TM;TN;TO;TR;TT;TV;TW;TZ;UA;UG;UM;UY;UZ;VA;VC;VE;VG;VI;VN;VU;WS;YE;YT;ZA;ZM;ZW,"Distribution territories, not artist origin or audience geography.",,,False,True,False,False,True,False,False,True,OK,True,Sortilège; Phoenix; Messager (2021),https://i.ytimg.com/vi/mbrjS9BqzGw/maxresdefault.jpg,,,,,rank,Low,21.08,Low,3.652053,21.0,31.666667,3.653791187
week1_13july,2026-07-14T10:57:52+00:00,YouTube Music,anonymous public YouTube Music web API,Heavy Metal MCT,12,M060,Pyramaze,Disciples of the Sun,Denmark,2015,power metal,TeIgtmGKtzY,https://music.youtube.com/watch?v=TeIgtmGKtzY,https://www.youtube.com/watch?v=TeIgtmGKtzY,Disciples of the Sun,Pyramaze,MUSIC_VIDEO_TYPE_ATV,Music,234,65130,ytmusicapi player response videoDetails.viewCount,64555,2026-06-29T19:44:09+00:00,575,0.008907133452095112,39.29064877813833,,,Exact public like/comment counts require the parked official YouTube Data API integration; not returned by the YouTube Music endpoint used.,UCE2T7o7dvKc5tuoGxZGfD5A,Pyramaze,4.49K,4490,,,5,7,7,5,Pyramaze - Topic,http://www.youtube.com/channel/UCE2T7o7dvKc5tuoGxZGfD5A,MPREb_CfXNOnXnztK,Disciples of the Sun,Album,2015,12,3153,OLAK5uy_ma8YKWkU0k2lqWYK8Dfs6tJDofV06TI4c,2019-02-04T08:57:43-08:00,2019-02-04T08:57:43-08:00,123,AE;AR;AS;AT;AU;AW;AZ;BA;BD;BE;BG;BH;BM;BO;BR;BY;CA;CH;CL;CO;CR;CY;CZ;DE;DK;DO;DZ;EC;EE;EG;ES;FI;FR;GB;GE;GF;GH;GP;GR;GT;GU;HK;HN;HR;HU;ID;IE;IL;IN;IQ;IS;IT;JM;JO;JP;KE;KH;KR;KW;KY;KZ;LA;LB;LI;LK;LT;LU;LV;LY;MA;MK;MP;MQ;MT;MX;MY;NC;NG;NI;NL;NO;NP;NZ;OM;PA;PE;PF;PG;PH;PK;PL;PR;PT;PY;QA;RE;RO;RS;RU;SA;SE;SG;SI;SK;SN;SV;TC;TH;TN;TR;TW;TZ;UA;UG;US;UY;VE;VI;VN;YE;YT;ZA;ZW,"Distribution territories, not artist origin or audience geography.",,,False,True,False,False,True,False,False,True,OK,True,Pyramaze; Disciples; of; the; Sun,https://i.ytimg.com/vi/TeIgtmGKtzY/maxresdefault.jpg,,,,,rank,Middle,51.20,Middle,4.809937,16.0,48.333333,4.813781078
week1_13july,2026-07-14T10:57:52+00:00,YouTube Music,anonymous public YouTube Music web API,Heavy Metal MCT,13,M077,Dragony,If It Bleeds We Can Kill It,Austria,2017,power metal,KNNgWU4kXp8,https://music.youtube.com/watch?v=KNNgWU4kXp8,https://www.youtube.com/watch?v=KNNgWU4kXp8,If It Bleeds We Can Kill It,Dragony,MUSIC_VIDEO_TYPE_ATV,Music,272,49987,ytmusicapi player response videoDetails.viewCount,49427,2026-06-29T19:44:09+00:00,560,0.01132983996601048,38.265675331752114,,,Exact public like/comment counts require the parked official YouTube Data API integration; not returned by the YouTube Music endpoint used.,UCjl3oHG7Lrjc92vsr9RCkSg,Dragony,5.52K,5520,3243352,"DRAGONY is a Symphonic Power Metal band from Vienna, Austria. DRAGONY was founded in 2007, and has so far released three full-length albums (""Legends"" in 2012 , ""Shadowplay"" in 2015 and ""Masters of the Multiverse"" in 2018) as well as an anniversary EP titled ""Lords Of The Hunt"" to celebrate the 10 year anniversary in 2017.

The band has shared the stage with many genre greats in the past such as BLIND GUARDIAN, GAMMA RAY, TWISTED SISTER, SONATA ARCTICA, FREEDOM CALL, FIREWIND and many more, and released their fourth studio album ""Viribus Unitis"" in January 2021 via Napalm Records.

Currently, the band is working on their 5th studio album, scheduled for release in late 2024 via SPV Steamhammer.",5,6,9,10,Dragony - Topic,http://www.youtube.com/channel/UCjl3oHG7Lrjc92vsr9RCkSg,MPREb_P7zbf0rhfEI,Masters of the Multiverse,Album,2018,10,3002,OLAK5uy_luf2owY1R2FHxBKeIfL12NrREJF3OZLoI,2018-09-17T15:06:34-07:00,2018-09-17T15:06:34-07:00,123,AE;AR;AS;AT;AU;AW;AZ;BA;BD;BE;BG;BH;BM;BO;BR;BY;CA;CH;CL;CO;CR;CY;CZ;DE;DK;DO;DZ;EC;EE;EG;ES;FI;FR;GB;GE;GF;GH;GP;GR;GT;GU;HK;HN;HR;HU;ID;IE;IL;IN;IQ;IS;IT;JM;JO;JP;KE;KH;KR;KW;KY;KZ;LA;LB;LI;LK;LT;LU;LV;LY;MA;MK;MP;MQ;MT;MX;MY;NC;NG;NI;NL;NO;NP;NZ;OM;PA;PE;PF;PG;PH;PK;PL;PR;PT;PY;QA;RE;RO;RS;RU;SA;SE;SG;SI;SK;SN;SV;TC;TH;TN;TR;TW;TZ;UA;UG;US;UY;VE;VI;VN;YE;YT;ZA;ZW,"Distribution territories, not artist origin or audience geography.",,,False,True,False,False,True,False,False,True,OK,True,Dragony; Masters; of; the; Multiverse; If; It; Bleeds; We; Can; Kill,https://i.ytimg.com/vi/KNNgWU4kXp8/maxresdefault.jpg,,,,,rank,Middle,50.00,Middle,4.693973,17.0,45.0,4.698857073
week1_13july,2026-07-14T10:57:52+00:00,YouTube Music,anonymous public YouTube Music web API,Heavy Metal MCT,14,M054,Skull Fist,Better Late Than Never,Canada,2018,heavy metal,8EELvJAEmIc,https://music.youtube.com/watch?v=8EELvJAEmIc,https://www.youtube.com/watch?v=8EELvJAEmIc,Better Late Than Never,Skull Fist,MUSIC_VIDEO_TYPE_ATV,Music,287,29897,ytmusicapi player response videoDetails.viewCount,29668,2026-06-29T19:44:09+00:00,229,0.007718754213293785,15.647927948162918,,,Exact public like/comment counts require the parked official YouTube Data API integration; not returned by the YouTube Music endpoint used.,UCX4ycVnv5eSJY8Wld9Zgcwg,Skull Fist,5.39K,5390,,,5,4,3,10,Skull Fist - Topic,http://www.youtube.com/channel/UCX4ycVnv5eSJY8Wld9Zgcwg,MPREb_W55eFXkGJVS,Way of the Road,Album,2018,9,2138,OLAK5uy_nYUgf9GTzo6oKIWmWP0w_hUhkkcSJr6gs,2021-10-27T17:10:33-07:00,2021-10-27T17:10:33-07:00,122,AE;AR;AS;AT;AU;AW;AZ;BA;BD;BE;BG;BH;BM;BO;BR;BY;CA;CH;CL;CO;CR;CY;CZ;DE;DK;DO;DZ;EC;EE;EG;ES;FI;FR;GB;GE;GF;GH;GP;GR;GT;GU;HK;HN;HR;HU;ID;IE;IL;IN;IQ;IS;IT;JM;JO;JP;KE;KH;KR;KW;KY;KZ;LA;LB;LI;LK;LT;LU;LV;LY;MA;MK;MP;MQ;MT;MX;MY;NC;NG;NI;NL;NO;NP;NZ;OM;PA;PE;PF;PG;PH;PK;PL;PR;PT;PY;QA;RE;RO;RS;SA;SE;SG;SI;SK;SN;SV;TC;TH;TN;TR;TW;TZ;UA;UG;US;UY;VE;VI;VN;YE;YT;ZA;ZW,"Distribution territories, not artist origin or audience geography.",,,False,True,False,False,True,False,False,True,OK,True,Skull Fist; Zachary Schottler; Way of the Road; Better Late Than Never,https://i.ytimg.com/vi/8EELvJAEmIc/maxresdefault.jpg,,,,,rank,Middle,45.18,Middle,4.472303,18.0,41.666667,4.475627611
week1_13july,2026-07-14T10:57:52+00:00,YouTube Music,anonymous public YouTube Music web API,Heavy Metal MCT,15,M046,Orphaned Land,Like Orpheus,Israel,2018,heavy metal,3G3hBjV6R60,https://music.youtube.com/watch?v=3G3hBjV6R60,https://www.youtube.com/watch?v=3G3hBjV6R60,Like Orpheus,Orphaned Land,MUSIC_VIDEO_TYPE_ATV,Music,275,130653,ytmusicapi player response videoDetails.viewCount,129774,2026-06-29T19:44:09+00:00,879,0.006773313606731703,60.063443958232334,,,Exact public like/comment counts require the parked official YouTube Data API integration; not returned by the YouTube Music endpoint used.,UC88NsIKwxNAjDMy8bzP_zhw,Orphaned Land,18.4K,18400,4810625,"Orphaned Land is an Israeli heavy metal band formed in 1991. They combine Mizrahi and Maghrebi Jewish, Arabic, Turkish, and other Middle Eastern and North African musical elements, with metal, as well as from Sephardic music, and other sounds from the Mediterranean Region. They have also included ""metalized"" versions of various piyyutim in all of their albums since El Norra Alila. The band are considered pioneers of oriental metal. Orphaned Land have gone through several lineup changes over the years, but have retained two founding members of the band, Kobi Farhi and Uri Zelcha. Other members are Matan Shmuely, Chen Balbus who replaced co-founding member Matti Svatizky in 2011, and Idan Amsalem who replaced co-founding member Yossi Sassi in early 2014. Their lyrics promote a message of peace and unity, particularly between the three main Abrahamic religions. The name ""Orphaned Land"" comes from the lyrics of a Yehuda Poliker song and reflects ""a paradox"" to the term ""Holy Land"". Four of their six albums are concept albums relating to the concept of light and darkness.

From Wikipedia (",5,10,10,10,Orphaned Land - Topic,http://www.youtube.com/channel/UC88NsIKwxNAjDMy8bzP_zhw,MPREb_EcrkIHIrPdW,Unsung Prophets And Dead Messiahs,Album,2018,13,3824,OLAK5uy_nVmgv55-JgRfRRCLBkCQzlVI2oX8kKpz4,2018-01-27T01:01:26-08:00,2018-01-27T01:01:26-08:00,123,AE;AR;AS;AT;AU;AW;AZ;BA;BD;BE;BG;BH;BM;BO;BR;BY;CA;CH;CL;CO;CR;CY;CZ;DE;DK;DO;DZ;EC;EE;EG;ES;FI;FR;GB;GE;GF;GH;GP;GR;GT;GU;HK;HN;HR;HU;ID;IE;IL;IN;IQ;IS;IT;JM;JO;JP;KE;KH;KR;KW;KY;KZ;LA;LB;LI;LK;LT;LU;LV;LY;MA;MK;MP;MQ;MT;MX;MY;NC;NG;NI;NL;NO;NP;NZ;OM;PA;PE;PF;PG;PH;PK;PL;PR;PT;PY;QA;RE;RO;RS;RU;SA;SE;SG;SI;SK;SN;SV;TC;TH;TN;TR;TW;TZ;UA;UG;US;UY;VE;VI;VN;YE;YT;ZA;ZW,"Distribution territories, not artist origin or audience geography.",,,False,True,False,False,True,False,False,True,OK,True,Orphaned Land; Unsung Prophets And Dead Messiahs; Like Orpheus,https://i.ytimg.com/vi/3G3hBjV6R60/maxresdefault.jpg,,,,,rank,Middle,57.23,Middle,5.113191,14.0,55.0,5.116119386
week1_13july,2026-07-14T10:57:52+00:00,YouTube Music,anonymous public YouTube Music web API,Heavy Metal MCT,16,M006,Visigoth,Warrior Queen,United States,2015,heavy metal,AW3lGArBDMs,https://music.youtube.com/watch?v=AW3lGArBDMs,https://www.youtube.com/watch?v=AW3lGArBDMs,Warrior Queen,Visigoth,MUSIC_VIDEO_TYPE_ATV,Music,329,162668,ytmusicapi player response videoDetails.viewCount,161571,2026-06-29T19:44:09+00:00,1097,0.006789584764592656,74.95972471237869,,,Exact public like/comment counts require the parked official YouTube Data API integration; not returned by the YouTube Music endpoint used.,UCKaGk4k1eU3V7UAb05KNBKQ,Visigoth,4.36K,4360,,,5,2,8,10,Visigoth - Topic,http://www.youtube.com/channel/UCKaGk4k1eU3V7UAb05KNBKQ,MPREb_ZarDBM824Kp,Conqueror's Oath,Album,2018,8,2549,OLAK5uy_m7vMr2IkMv8D_WfjPtlORZ5FF3Cu_U0TE,2018-02-08T02:15:58-08:00,2018-02-08T02:15:58-08:00,123,AE;AR;AS;AT;AU;AW;AZ;BA;BD;BE;BG;BH;BM;BO;BR;BY;CA;CH;CL;CO;CR;CY;CZ;DE;DK;DO;DZ;EC;EE;EG;ES;FI;FR;GB;GE;GF;GH;GP;GR;GT;GU;HK;HN;HR;HU;ID;IE;IL;IN;IQ;IS;IT;JM;JO;JP;KE;KH;KR;KW;KY;KZ;LA;LB;LI;LK;LT;LU;LV;LY;MA;MK;MP;MQ;MT;MX;MY;NC;NG;NI;NL;NO;NP;NZ;OM;PA;PE;PF;PG;PH;PK;PL;PR;PT;PY;QA;RE;RO;RS;RU;SA;SE;SG;SI;SK;SN;SV;TC;TH;TN;TR;TW;TZ;UA;UG;US;UY;VE;VI;VN;YE;YT;ZA;ZW,"Distribution territories, not artist origin or audience geography.",,,False,True,False,False,True,False,False,True,OK,True,Visigoth; Conqueror's Oath; Warrior Queen,https://i.ytimg.com/vi/AW3lGArBDMs/maxresdefault.jpg,,,,,rank,Middle,58.43,Middle,5.208366,13.0,58.333333,5.211302127
week1_13july,2026-07-14T10:57:52+00:00,YouTube Music,anonymous public YouTube Music web API,Heavy Metal MCT,17,M032,Vision Divine,Angel of Revenge,Italy,2018,power metal,183PB-W2FB4,https://music.youtube.com/watch?v=183PB-W2FB4,https://www.youtube.com/watch?v=183PB-W2FB4,Angel of Revenge,Vision Divine,MUSIC_VIDEO_TYPE_ATV,Music,363,204387,ytmusicapi player response videoDetails.viewCount,203378,2026-06-29T19:44:09+00:00,1009,0.004961205243438327,68.94654716024621,,,Exact public like/comment counts require the parked official YouTube Data API integration; not returned by the YouTube Music endpoint used.,UCZpyI4Ft3ExNfikzP2nn8cw,Vision Divine,6.66K,6660,,,5,10,6,10,Vision Divine - Topic,http://www.youtube.com/channel/UCZpyI4Ft3ExNfikzP2nn8cw,MPREb_TVKwnQjoEPC,Angel of Revenge,Single,2018,1,364,OLAK5uy_maMnA-KfsMKGFfSCS6iG3cxpWnlNEifs4,2018-12-14T02:18:41-08:00,2018-12-14T02:18:41-08:00,123,AE;AR;AS;AT;AU;AW;AZ;BA;BD;BE;BG;BH;BM;BO;BR;BY;CA;CH;CL;CO;CR;CY;CZ;DE;DK;DO;DZ;EC;EE;EG;ES;FI;FR;GB;GE;GF;GH;GP;GR;GT;GU;HK;HN;HR;HU;ID;IE;IL;IN;IQ;IS;IT;JM;JO;JP;KE;KH;KR;KW;KY;KZ;LA;LB;LI;LK;LT;LU;LV;LY;MA;MK;MP;MQ;MT;MX;MY;NC;NG;NI;NL;NO;NP;NZ;OM;PA;PE;PF;PG;PH;PK;PL;PR;PT;PY;QA;RE;RO;RS;RU;SA;SE;SG;SI;SK;SN;SV;TC;TH;TN;TR;TW;TZ;UA;UG;US;UY;VE;VI;VN;YE;YT;ZA;ZW,"Distribution territories, not artist origin or audience geography.",,,False,True,False,False,True,False,False,True,OK,True,Vision; Divine; Angel; of; Revenge,https://i.ytimg.com/vi/183PB-W2FB4/maxresdefault.jpg,,,,,rank,Middle,60.84,Middle,5.308306,11.0,65.0,5.310453269
week1_13july,2026-07-14T10:57:52+00:00,YouTube Music,anonymous public YouTube Music web API,Heavy Metal MCT,18,M034,Shaman,Brand New Me,Brazil,2022,power metal,netD8CyDePg,https://music.youtube.com/watch?v=netD8CyDePg,https://www.youtube.com/watch?v=netD8CyDePg,Brand New Me,Shaman,MUSIC_VIDEO_TYPE_ATV,Music,316,28000,ytmusicapi player response videoDetails.viewCount,27865,2026-06-29T19:44:09+00:00,135,0.0048447873676655305,9.224761017475956,,,Exact public like/comment counts require the parked official YouTube Data API integration; not returned by the YouTube Music endpoint used.,UCcQngU0-dBBUEeiqsknzUYw,Shaman,109K,109000,42560674,"Shaman was a Brazilian progressive power metal band assembled in 2000 by three musicians who left the band Angra – Andre Matos, Luis Mariutti and Ricardo Confessori. The band was completed with guitar player Hugo Mariutti.
Shaman changed its name to Shaaman for legal reasons, but the issue was solved and they renamed it back to Shaman.
In October 2006, Andre Matos officially left the band along with the Mariutti brothers.
Confessori reformed the band with a new line-up featuring Thiago Bianchi on vocals, Léo Mancini on guitars, Fernando Quesada on bass and Junior Carelli on keyboards. They recorded two albums as Shaman and did the touring cycles before Confessori decided to leave the recordings of a third album in which the rest of the band decided to move on with Hangar and former Angra drummer Aquiles Priester and use the name Noturnall instead of Shaman.
On 29 June 2018, Shaman announced a reunion of their original lineup to tour in celebration of their 17th anniversary, which was interrupted with the unexpected death of the vocalist Andre Matos, on 8 June 2019.

From Wikipedia (",5,10,10,10,Shaman - Topic,http://www.youtube.com/channel/UCcQngU0-dBBUEeiqsknzUYw,MPREb_00i0TWdpMzH,Rescue,Album,2022,12,3255,OLAK5uy_lSxzhTQhOyv4q6FvKqmC8vgngs8u2vKNU,2022-04-14T20:04:04-07:00,2022-04-14T20:04:04-07:00,100,AE;AR;AS;AT;AU;AZ;BA;BD;BE;BG;BH;BM;BO;BR;BY;CA;CH;CL;CO;CR;CY;CZ;DE;DK;DO;EC;EE;FI;FR;GB;GE;GF;GR;GT;GU;HK;HN;HR;HU;ID;IE;IL;IN;IQ;IS;IT;JO;KH;KR;KW;KY;KZ;LA;LB;LI;LK;LT;LU;LV;MK;MP;MT;MX;MY;NC;NI;NL;NO;NP;NZ;OM;PA;PE;PF;PG;PH;PK;PL;PR;PY;QA;RO;RS;RU;SA;SE;SG;SI;SK;SV;TH;TR;TW;UA;US;UY;VE;VI;VN;YE,"Distribution territories, not artist origin or audience geography.",,,False,True,False,False,True,False,False,True,OK,True,Shaman; Alírio Neto; Hugo Mariutti; Luis Mariutti; Ricardo Confessori; Rescue; Brand New Me,https://i.ytimg.com/vi/netD8CyDePg/maxresdefault.jpg,,,,,rank,Middle,43.98,Middle,4.445075,19.0,38.333333,4.447158031
week1_13july,2026-07-14T10:57:52+00:00,YouTube Music,anonymous public YouTube Music web API,Heavy Metal MCT,19,M023,Civil War,Rome Is Falling,Sweden,2012,power metal,MuAMjthSJm0,https://music.youtube.com/watch?v=MuAMjthSJm0,https://www.youtube.com/watch?v=MuAMjthSJm0,Rome Is Falling,Civil War,MUSIC_VIDEO_TYPE_ATV,Music,324,1399542,ytmusicapi player response videoDetails.viewCount,1392219,2026-06-29T19:44:09+00:00,7323,0.005259948327095091,500.3920365257513,,,Exact public like/comment counts require the parked official YouTube Data API integration; not returned by the YouTube Music endpoint used.,UC0hshC2PY-1-rlJz_PmN22A,Civil War,11.3K,11300,,,5,5,10,10,Civil War - Topic,http://www.youtube.com/channel/UC0hshC2PY-1-rlJz_PmN22A,MPREb_BznmMK25jOK,The Killer Angels,Album,2013,10,2805,OLAK5uy_lHdNTRPDntJ4yzSDWwYJtpyagWRgPAaBk,2020-08-10T17:45:45-07:00,2020-08-10T17:45:45-07:00,123,AE;AR;AS;AT;AU;AW;AZ;BA;BD;BE;BG;BH;BM;BO;BR;BY;CA;CH;CL;CO;CR;CY;CZ;DE;DK;DO;DZ;EC;EE;EG;ES;FI;FR;GB;GE;GF;GH;GP;GR;GT;GU;HK;HN;HR;HU;ID;IE;IL;IN;IQ;IS;IT;JM;JO;JP;KE;KH;KR;KW;KY;KZ;LA;LB;LI;LK;LT;LU;LV;LY;MA;MK;MP;MQ;MT;MX;MY;NC;NG;NI;NL;NO;NP;NZ;OM;PA;PE;PF;PG;PH;PK;PL;PR;PT;PY;QA;RE;RO;RS;RU;SA;SE;SG;SI;SK;SN;SV;TC;TH;TN;TR;TW;TZ;UA;UG;US;UY;VE;VI;VN;YE;YT;ZA;ZW,"Distribution territories, not artist origin or audience geography.",,,False,True,False,False,True,False,False,True,OK,True,Civil War; The Killer Angels; Rome Is Falling,https://i.ytimg.com/vi/MuAMjthSJm0/maxresdefault.jpg,,,,,rank,High,77.71,High,6.143708,9.0,71.666667,6.145985936
week1_13july,2026-07-14T10:57:52+00:00,YouTube Music,anonymous public YouTube Music web API,Heavy Metal MCT,20,M067,Pentagram,Geçmişin Yükü,Turkey,2012,heavy metal,Smk-Vsb9AOk,https://music.youtube.com/watch?v=Smk-Vsb9AOk,https://www.youtube.com/watch?v=Smk-Vsb9AOk,Geçmişin Yükü,Pentagram,MUSIC_VIDEO_TYPE_ATV,Music,304,1236834,ytmusicapi player response videoDetails.viewCount,1223810,2026-06-29T19:44:09+00:00,13024,0.010642174847402782,889.9502777156063,,,Exact public like/comment counts require the parked official YouTube Data API integration; not returned by the YouTube Music endpoint used.,UCMm0ZByKEE55ZFXCE9wkOPg,Pentagram,103K,103000,73087493,"The pioneering metal band Pentagram are one of the most revered and -- with the same intensity --  criticized bands in Turkish metal history. While proving an international success, they've managed to help the genre gain popularity in their homeland with the help of many others, and they've always been at the forefront of media attention. Pentagram were formed in 1986 by Hakan Utangac (guitar/vocals) and Cenk Unnu (drums). Later, Tarkan Gozubuyuk (bass) and Umit Yilbar (lead guitar) joined the two. Prior to any releases, the band already had a following through its live performances. They were the ones who caused around 200 fans to turn a wedding hall into hell in a district named Moda, the incident which was later remembered as ""the Infamous Moda Gig.""

Their always changing style got off to a pretty fast speed metal start with their self-titled debut in 1990, with Murat Net on lead guitars. The opening track after the atmospheric intro, ""Rotten Dogs,"" was the essential anthem of the album, while the song ""Powerstage"" became the name of the Pentagram fan club. As Europe and America were always in their future plans, all the songs were written in English. Despite a disturbing sound quality, Pentagram sold over 30,000 copies. The follow-up, Trail Blazer, hit the streets in 1992. For the album, Demir Demirkan replaced Murat Net on lead guitars. Bartu Topbas became the new vocalist of the band for a short period, and after him, Ogun Sanlisoy took the vocal duties. With this second effort, the band focused more on quality rather than speed at any cost. While Demirkan's dazzling guitar work shined through all the songs, album closer ""No One Wins the Fight,"" with the ""mehter"" ending -- the famous melody of the Ottoman Military Band -- was the highlight. In 1993 the band's first lead guitarist, Umit Yilbar, was killed during his military service, causing the bandmembers to aim their lyrics toward the struggle in Eastern Turkey in their following albums.

The third Pentagram album, which provided their breakthrough, had to wait for five years. Released in 1997, Anatolia saw the band, with new vocalist Murat Ilkan, introduce Turkish instruments and some Turkish lyrics into its more classic heavy metal sound. Although compared to and damned for being ""too much like Metallica,"" the album screamed ""we are the children of these lands"" through every possible means. Anatolia made Pentagram rock stars, and along with that came never-ending judgment. As they were the most well-known metal band in the country, and as their name could be directly related to the symbol of Satanism, they were chosen to be representatives of Satanist musicians. Although their lyrics and even their personal views came nowhere close to being satanic, the mainstream media blamed the band for poisoning young minds. On the contrary, the album was mostly a criticism of war, modern daily life, and the capitalist system. The title track ""Anatolia,"" an indispensable cover of ""Gunduz Gece,"" ""1000 in the Eastland,"" ""Behind the Veil,"" and the magnificent album-closing ""Infinity"" showed Pentagram's quality of musicianship and also their ability with both Turkish and English lyrics. 

After the live Popçular Disari album in 1998, the bandmembers took a break to pursue their personal lives and solo careers. Demir Demirkan left the band and was replaced first by Onur Pamukcu and later by Metin Turkcan. Pentagram released their fourth studio album, Unspoken, in 2001. The album was released under the name Mezarkabul outside Turkey, so as to prevent confusion with the American heavy metal band also named Pentagram. Unspoken was a massive success, especially in Europe. The album received great reviews praising Murat Ilkan's vocals and the band's fusion of Turkish themes. Pentagram, sounding like a completely original band with songs like ""In Esir Like an Eagle,"" ""Lions in a Cage,"" and the instrumental ""For Those Who Died Alone,"" also received grave reviews in Turkey. Pentagram hit the road for lots of gigs in Europe and also in the legendary Wacken Open Air Festival. A year after Unspoken, the band released Bir, an album for the Turkish market only. Along with the instrumental songs from Unspoken, there were five more Turkish-sung tracks, two of which used lyrics written by famous Turkish poets Asik Veysel and Asik Dertli.

Pentagram have always been a slow-moving train, but the silence after Bir was more than acceptable for the fans as rumors of disbandment circulated stronger than ever. However, in 2007 Pentagram embarked on a tour to celebrate their 20th anniversary and released a live CD/DVD  entitled 1987, documenting a gig in Istanbul.",5,10,3,10,Mezarkabul - Topic,http://www.youtube.com/channel/UCMm0ZByKEE55ZFXCE9wkOPg,MPREb_UFVxrmWIJSx,MMXII,Album,2012,10,3184,OLAK5uy_mxBJJ6NrUXgkFhYEg2vpRlE-VkiqeIEkw,2015-08-11T17:31:07-07:00,2015-08-11T17:31:07-07:00,123,AE;AR;AS;AT;AU;AW;AZ;BA;BD;BE;BG;BH;BM;BO;BR;BY;CA;CH;CL;CO;CR;CY;CZ;DE;DK;DO;DZ;EC;EE;EG;ES;FI;FR;GB;GE;GF;GH;GP;GR;GT;GU;HK;HN;HR;HU;ID;IE;IL;IN;IQ;IS;IT;JM;JO;JP;KE;KH;KR;KW;KY;KZ;LA;LB;LI;LK;LT;LU;LV;LY;MA;MK;MP;MQ;MT;MX;MY;NC;NG;NI;NL;NO;NP;NZ;OM;PA;PE;PF;PG;PH;PK;PL;PR;PT;PY;QA;RE;RO;RS;RU;SA;SE;SG;SI;SK;SN;SV;TC;TH;TN;TR;TW;TZ;UA;UG;US;UY;VE;VI;VN;YE;YT;ZA;ZW,"Distribution territories, not artist origin or audience geography.",,,False,True,False,False,True,False,False,True,OK,True,Pentagram; MMXII; Geçmişin Yükü,https://i.ytimg.com/vi/Smk-Vsb9AOk/maxresdefault.jpg,,,,,rank,High,75.30,High,6.087714,10.0,68.333333,6.092311415
week1_13july,2026-07-14T10:57:52+00:00,YouTube Music,anonymous public YouTube Music web API,Heavy Metal MCT,21,M010,Helloween,Skyfall,Germany,2021,power metal,BESgqzL8ijE,https://music.youtube.com/watch?v=BESgqzL8ijE,https://www.youtube.com/watch?v=BESgqzL8ijE,Skyfall,Helloween,MUSIC_VIDEO_TYPE_ATV,Music,731,176681,ytmusicapi player response videoDetails.viewCount,173407,2026-06-29T19:44:09+00:00,3274,0.01888043735258669,223.71753756456502,,,Exact public like/comment counts require the parked official YouTube Data API integration; not returned by the YouTube Music endpoint used.,UCTxnbvh5hLYx9L1Qcy3TCsw,Helloween,573K,573000,403683808,"Helloween is a German power metal band founded in 1984 in Hamburg by members of bands Iron Fist, Gentry, Second Hell and Powerfool. The band has at times been called one of the most influential European heavy metal bands of the 1980s. Its first lineup consisted of singer and guitarist Kai Hansen, bassist Markus Grosskopf, guitarist Michael Weikath and drummer Ingo Schwichtenberg. By the time Hansen left Helloween in 1989 to form Gamma Ray, the band had evolved into a five-piece, with Michael Kiske taking over as lead vocalist. Schwichtenberg and Kiske both parted ways with Helloween in 1993; Schwichtenberg died two years later as the result of suicide. Between then and 2016, there had been numerous line-up changes, leaving Grosskopf and Weikath as the only remaining original members. As a septet, their current lineup features all of the surviving members of the Keeper of the Seven Keys lineup, in addition to the remaining members from the Keeper of the Seven Keys: The Legacy-era.
Since its inception, Helloween has released 17 studio albums, five live albums, three EPs and 31 singles.

From Wikipedia (",5,10,7,10,Helloween - Topic,http://www.youtube.com/channel/UCTxnbvh5hLYx9L1Qcy3TCsw,MPREb_jLrb3fu4Rsa,Helloween,Album,2021,14,4389,OLAK5uy_m1yxgMpvWQLH2GXY7WoZvzcsLT2qjrPJ0,2024-10-31T03:00:12-07:00,2024-10-31T03:00:12-07:00,113,AE;AR;AS;AT;AU;AW;AZ;BA;BD;BE;BG;BH;BM;BO;BR;BY;CA;CH;CL;CO;CR;CY;CZ;DE;DK;DO;DZ;EC;EE;EG;ES;FI;FR;GB;GE;GF;GH;GP;GR;GT;GU;HN;HR;HU;IE;IL;IN;IQ;IS;IT;JM;JO;KE;KH;KW;KY;KZ;LA;LB;LI;LK;LT;LU;LV;LY;MA;MK;MP;MQ;MT;MX;NC;NG;NI;NL;NO;NP;NZ;OM;PA;PE;PF;PG;PK;PL;PR;PT;PY;QA;RE;RO;RS;SA;SE;SI;SK;SN;SV;TC;TN;TR;TZ;UA;UG;US;UY;VE;VI;VN;YE;YT;ZA;ZW,"Distribution territories, not artist origin or audience geography.",,,False,True,False,False,True,False,False,True,OK,True,Helloween; Kai Hansen; Skyfall,https://i.ytimg.com/vi/BESgqzL8ijE/maxresdefault.jpg,,,,,rank,Middle,59.64,Middle,5.239069,12.0,61.666667,5.247189849
week1_13july,2026-07-14T10:57:52+00:00,YouTube Music,anonymous public YouTube Music web API,Heavy Metal MCT,22,M017,Saxon,Thunderbolt,United Kingdom,2018,heavy metal,zJ8FuN2OXHI,https://music.youtube.com/watch?v=zJ8FuN2OXHI,https://www.youtube.com/watch?v=zJ8FuN2OXHI,Thunderbolt,Saxon,MUSIC_VIDEO_TYPE_ATV,Music,240,66333,ytmusicapi player response videoDetails.viewCount,65843,2026-06-29T19:44:09+00:00,490,0.007441945233358139,33.4824659152831,,,Exact public like/comment counts require the parked official YouTube Data API integration; not returned by the YouTube Music endpoint used.,UCVwz_LsL5f2CTJn-pK3rwKA,Saxon,112K,112000,81225960,"Saxon are an English heavy metal band formed in Barnsley in 1975. As leaders of the new wave of British heavy metal, they had eight UK Top 40 albums in the 1980s, including four UK Top 10 albums and two Top 5 albums. They had numerous hit singles on the UK Singles Chart and achieved success across Europe, South America, and Japan, as well as in the United States and Canada.
During the 1980s, Saxon established themselves among Europe's most successful metal acts. The band tours regularly and have sold more than 23 million records worldwide.

From Wikipedia (",5,10,10,10,SAXON - Topic,http://www.youtube.com/channel/UCVwz_LsL5f2CTJn-pK3rwKA,MPREb_GYSuUMP12mg,Thunderbolt,Album,2018,12,2870,OLAK5uy_nxhGLoGIUm50OZchlF3u5pl0hJ3NpyqyQ,2018-02-01T02:21:49-08:00,2018-02-01T02:21:49-08:00,118,AE;AR;AT;AU;AW;AZ;BA;BD;BE;BG;BH;BM;BO;BR;BY;CA;CH;CL;CO;CR;CY;CZ;DE;DK;DO;DZ;EC;EE;EG;ES;FI;FR;GB;GE;GF;GH;GP;GR;GT;HK;HN;HR;HU;ID;IE;IL;IN;IQ;IS;IT;JM;JO;JP;KE;KH;KR;KW;KY;KZ;LA;LB;LI;LK;LT;LU;LV;LY;MA;MK;MQ;MT;MX;MY;NC;NG;NI;NL;NO;NP;NZ;OM;PA;PE;PF;PG;PH;PK;PL;PT;PY;QA;RE;RO;RS;RU;SA;SE;SG;SI;SK;SN;SV;TC;TH;TN;TR;TW;TZ;UA;UG;US;UY;VE;VN;YE;YT;ZA;ZW,"Distribution territories, not artist origin or audience geography.",,,False,True,False,False,True,False,False,True,OK,True,Saxon; Thunderbolt,https://i.ytimg.com/vi/zJ8FuN2OXHI/maxresdefault.jpg,,,,,rank,Middle,52.41,Middle,4.818516,15.0,51.666667,4.821729639
week1_13july,2026-07-14T10:57:52+00:00,YouTube Music,anonymous public YouTube Music web API,Heavy Metal MCT,23,M047,The HU,Wolf Totem,Mongolia,2018,heavy metal,jpsUPdNthGY,https://music.youtube.com/watch?v=jpsUPdNthGY,https://www.youtube.com/watch?v=jpsUPdNthGY,Wolf Totem,The HU,MUSIC_VIDEO_TYPE_ATV,Music,338,4856398,ytmusicapi player response videoDetails.viewCount,4761121,2026-06-29T19:44:09+00:00,95277,0.02001146368680821,6510.426336755975,,,Exact public like/comment counts require the parked official YouTube Data API integration; not returned by the YouTube Music endpoint used.,UCHEdEk00phCybcsq05cOfqg,The HU,1.8M,1800000,400541450,"The Hu is a Mongolian folk metal band formed in 2016 in Ulaanbaatar. Incorporating traditional Mongolian instrumentation, including the morin khuur, the tovshuur, and throat singing, the band calls their style of music ""hunnu rock"", a term inspired by the Xiongnu, an ancient nomadic empire based in Mongolia proper, known as Hünnü in Mongolian. Some of the band's lyrics include old Mongolian war cries and poetry in the Mongolian language.
The Hu consists of Galbadrakh ""Gala"" Tsendbaatar, Nyamjantsan ""Jaya"" Galsanjamts, Enkhsaikhan ""Enkush"" Batjargal, and Temuulen ""Temka"" Naranbaatar. They have released the studio albums The Gereg and Rumble of Thunder.

From Wikipedia (",5,5,10,10,The Hu - Topic,http://www.youtube.com/channel/UCHEdEk00phCybcsq05cOfqg,MPREb_p77E6jv21CL,The Gereg (Deluxe Edition),Album,2020,15,4656,OLAK5uy_kdVqxkMoXOP5GAv3vHe-mQO6kTqr0vVEA,2023-07-26T06:33:58-07:00,2023-07-26T06:33:58-07:00,123,AE;AR;AS;AT;AU;AW;AZ;BA;BD;BE;BG;BH;BM;BO;BR;BY;CA;CH;CL;CO;CR;CY;CZ;DE;DK;DO;DZ;EC;EE;EG;ES;FI;FR;GB;GE;GF;GH;GP;GR;GT;GU;HK;HN;HR;HU;ID;IE;IL;IN;IQ;IS;IT;JM;JO;JP;KE;KH;KR;KW;KY;KZ;LA;LB;LI;LK;LT;LU;LV;LY;MA;MK;MP;MQ;MT;MX;MY;NC;NG;NI;NL;NO;NP;NZ;OM;PA;PE;PF;PG;PH;PK;PL;PR;PT;PY;QA;RE;RO;RS;RU;SA;SE;SG;SI;SK;SN;SV;TC;TH;TN;TR;TW;TZ;UA;UG;US;UY;VE;VI;VN;YE;YT;ZA;ZW,"Distribution territories, not artist origin or audience geography.",,,False,True,False,False,True,False,False,True,OK,True,The HU; The Gereg; Wolf Totem,https://i.ytimg.com/vi/jpsUPdNthGY/maxresdefault.jpg,,,,,rank,High,88.55,High,6.677709,5.0,85.0,6.686314272
week1_13july,2026-07-14T10:57:52+00:00,YouTube Music,anonymous public YouTube Music web API,Heavy Metal MCT,24,M058,Volbeat,The Devil's Bleeding Crown,Denmark,2016,heavy metal,5dqummhs3S8,https://music.youtube.com/watch?v=5dqummhs3S8,https://www.youtube.com/watch?v=5dqummhs3S8,The Devil's Bleeding Crown,Volbeat,MUSIC_VIDEO_TYPE_ATV,Music,239,5372277,ytmusicapi player response videoDetails.viewCount,5343528,2026-06-29T19:44:09+00:00,28749,0.005380153336896522,1964.464107343824,,,Exact public like/comment counts require the parked official YouTube Data API integration; not returned by the YouTube Music endpoint used.,UC5p42RKUQutsl7bDxFrCHKw,Volbeat,941K,941000,1075010422,"VOLBEAT emerged from Copenhagen in 2001. Since then, they’ve tirelessly clawed their way to hard rock’s upper echelon with endless touring and a string of six beloved full-length albums. Recently, their 2010 album Beyond Hell/Above Heaven, which features hit singles “A Warrior’s Call” and “Heaven Nor Hell,” received RIAA Gold Certification. 2013’s Outlaw Gentlemen & Shady Ladies bowed at #9 on the Billboard Top 200 upon release marking the highest U.S. chart entry for a Danish Act since 1997 until the band’s 2016 album Seal The Deal & Let’s Boogie topped it by debuting at #4. The band released Let’s Boogie! Live At Telia Parken, a concert film and album documenting their landmark 2017 Copenhagen show in front of 48,250 fans, the largest show a Danish band has ever performed in Denmark. Servant of the Mind, the band’s eighth album, takes the signature heavy metal, psychobilly, punk ‘n’ roll sound on which they have built their reputation up a notch.",5,10,10,10,Volbeat - Topic,http://www.youtube.com/channel/UC5p42RKUQutsl7bDxFrCHKw,MPREb_hAsFhuIwCj1,Seal The Deal & Let's Boogie (Deluxe),Album,2016,17,4021,OLAK5uy_m3z-q1dSTpHyLueh94IA9Ka52_lIvFQJ0,2018-07-26T12:05:45-07:00,2018-07-26T12:05:45-07:00,122,AE;AR;AS;AT;AU;AW;AZ;BA;BD;BE;BG;BH;BM;BO;BR;BY;CA;CH;CL;CO;CR;CY;CZ;DE;DK;DO;DZ;EC;EE;EG;ES;FI;FR;GB;GE;GF;GH;GP;GR;GT;GU;HK;HN;HR;HU;ID;IE;IL;IN;IQ;IS;IT;JM;JO;KE;KH;KR;KW;KY;KZ;LA;LB;LI;LK;LT;LU;LV;LY;MA;MK;MP;MQ;MT;MX;MY;NC;NG;NI;NL;NO;NP;NZ;OM;PA;PE;PF;PG;PH;PK;PL;PR;PT;PY;QA;RE;RO;RS;RU;SA;SE;SG;SI;SK;SN;SV;TC;TH;TN;TR;TW;TZ;UA;UG;US;UY;VE;VI;VN;YE;YT;ZA;ZW,"Distribution territories, not artist origin or audience geography.",,,False,True,False,False,True,False,False,True,OK,True,Volbeat; ヴォルビート; Seal The Deal & Let's Boogie; The Devil's Bleeding Crown; ザ・デヴィルズ・ブリーディング・クラウン,https://i.ytimg.com/vi/5dqummhs3S8/maxresdefault.jpg,,,,,rank,High,89.76,High,6.727828,4.0,88.333333,6.730158397
week1_13july,2026-07-14T10:57:52+00:00,YouTube Music,anonymous public YouTube Music web API,Heavy Metal MCT,25,M019,Sabaton,Bismarck,Sweden,2019,power metal,ERj08qJ2FAU,https://music.youtube.com/watch?v=ERj08qJ2FAU,https://www.youtube.com/watch?v=ERj08qJ2FAU,Bismarck,Sabaton,MUSIC_VIDEO_TYPE_ATV,Music,314,14317495,ytmusicapi player response videoDetails.viewCount,14176293,2026-06-29T19:44:09+00:00,141202,0.00996043182798211,9648.553371775111,,,Exact public like/comment counts require the parked official YouTube Data API integration; not returned by the YouTube Music endpoint used.,UCxJrBLPnyUIt6K33m9ZcsqA,Sabaton,2.24M,2240000,2261376301,"In the 25 years of their existence, Swedish metallers Sabaton have gained a reputation as one of the hardest working bands in the industry. They have delivered 10 highly-rated studio albums (including 2 certified platinum-sellers) & scored multiple industry awards & nominations. The band has accumulated +3 billion streams across all streaming platforms & +2 billion views on YouTube.

Combining soaring power riffs with vocalist Joakim Brodén’s instantly-recognisable gruff baritone, the band refuses to be simply slotted into a genre. Their legion of loyal fans across the globe only knows them as Sabaton: the heavy metal band that sings of real life wars & the people who played a part in them – of gruelling campaigns & acts of bravery, of magnificent victories & touching personal struggles – true stories more fantastic than any fiction!

Sabaton are perhaps best known for their electrifying live shows, combining accomplished musical performances & a finely-crafted stage show – including their full-sized tank drum-riser – with energy & laughter. The band has headlined as far afield as North America, Australia & Japan, & regularly fills arenas, taking top-billed slots at festivals across Europe. They are also a favourite support act for metal titans Iron Maiden & Scorpions. Sabaton’s live show has won top industry accolades in Germany (Metal Hammer Award), Sweden (Bandit Rock Award), as well as being nominated for two Metal Hammer Golden Gods awards in the UK.",5,10,10,10,sabaton - Topic,http://www.youtube.com/channel/UCxJrBLPnyUIt6K33m9ZcsqA,MPREb_lM9CJ40mk23,Bismarck,Single,2019,1,314,OLAK5uy_mdw-Ndd_0VyakhFhl7Vyx-OWv_KXfsmQE,2019-12-31T02:01:39-08:00,2019-12-31T02:01:39-08:00,249,AD;AE;AF;AG;AI;AL;AM;AO;AQ;AR;AS;AT;AU;AW;AX;AZ;BA;BB;BD;BE;BF;BG;BH;BI;BJ;BL;BM;BN;BO;BQ;BR;BS;BT;BV;BW;BY;BZ;CA;CC;CD;CF;CG;CH;CI;CK;CL;CM;CN;CO;CR;CU;CV;CW;CX;CY;CZ;DE;DJ;DK;DM;DO;DZ;EC;EE;EG;EH;ER;ES;ET;FI;FJ;FK;FM;FO;FR;GA;GB;GD;GE;GF;GG;GH;GI;GL;GM;GN;GP;GQ;GR;GS;GT;GU;GW;GY;HK;HM;HN;HR;HT;HU;ID;IE;IL;IM;IN;IO;IQ;IR;IS;IT;JE;JM;JO;JP;KE;KG;KH;KI;KM;KN;KP;KR;KW;KY;KZ;LA;LB;LC;LI;LK;LR;LS;LT;LU;LV;LY;MA;MC;MD;ME;MF;MG;MH;MK;ML;MM;MN;MO;MP;MQ;MR;MS;MT;MU;MV;MW;MX;MY;MZ;NA;NC;NE;NF;NG;NI;NL;NO;NP;NR;NU;NZ;OM;PA;PE;PF;PG;PH;PK;PL;PM;PN;PR;PS;PT;PW;PY;QA;RE;RO;RS;RU;RW;SA;SB;SC;SD;SE;SG;SH;SI;SJ;SK;SL;SM;SN;SO;SR;SS;ST;SV;SX;SY;SZ;TC;TD;TF;TG;TH;TJ;TK;TL;TM;TN;TO;TR;TT;TV;TW;TZ;UA;UG;UM;US;UY;UZ;VA;VC;VE;VG;VI;VN;VU;WF;WS;YE;YT;ZA;ZM;ZW,"Distribution territories, not artist origin or audience geography.",,,False,True,False,False,True,False,False,True,OK,True,Sabaton; Joakim Brodén; Pär Sundström; Bismarck,https://i.ytimg.com/vi/ERj08qJ2FAU/maxresdefault.jpg,,,,,rank,High,93.37,High,7.151563,2.0,95.0,7.15586704
week1_13july,2026-07-14T10:57:52+00:00,YouTube Music,anonymous public YouTube Music web API,Heavy Metal MCT,26,M025,Beast in Black,Blind and Frozen,Finland,2017,power metal,IVKByFMQHss,https://music.youtube.com/watch?v=IVKByFMQHss,https://www.youtube.com/watch?v=IVKByFMQHss,Blind And Frozen,Beast In Black,MUSIC_VIDEO_TYPE_ATV,Music,305,14445085,ytmusicapi player response videoDetails.viewCount,14385630,2026-06-29T19:44:09+00:00,59455,0.00413294377792283,4062.6530836595034,,,Exact public like/comment counts require the parked official YouTube Data API integration; not returned by the YouTube Music endpoint used.,UCZ6oHxEMKXlnjCzs_Ae55oA,Beast In Black,142K,142000,212931234,"BEAST IN BLACK is known for their dynamic blend of power metal, 80s pop, and electronic music. Their critically acclaimed albums Berserker, From Hell With Love, and Dark Connection have solidified their global presence, along with notable tours and festival appearances. Their energetic live performances and unique sound have made them a standout act in the modern metal scene.",5,3,2,10,Beast in Black - Topic,http://www.youtube.com/channel/UCZ6oHxEMKXlnjCzs_Ae55oA,MPREb_pWTdxQZwm4T,Berserker,Album,2017,12,3081,OLAK5uy_lN71WyekFY2Nwl-mzaBOTHpkLWZeVzTsQ,2019-04-03T06:12:18-07:00,2019-04-03T06:12:18-07:00,249,AD;AE;AF;AG;AI;AL;AM;AO;AQ;AR;AS;AT;AU;AW;AX;AZ;BA;BB;BD;BE;BF;BG;BH;BI;BJ;BL;BM;BN;BO;BQ;BR;BS;BT;BV;BW;BY;BZ;CA;CC;CD;CF;CG;CH;CI;CK;CL;CM;CN;CO;CR;CU;CV;CW;CX;CY;CZ;DE;DJ;DK;DM;DO;DZ;EC;EE;EG;EH;ER;ES;ET;FI;FJ;FK;FM;FO;FR;GA;GB;GD;GE;GF;GG;GH;GI;GL;GM;GN;GP;GQ;GR;GS;GT;GU;GW;GY;HK;HM;HN;HR;HT;HU;ID;IE;IL;IM;IN;IO;IQ;IR;IS;IT;JE;JM;JO;JP;KE;KG;KH;KI;KM;KN;KP;KR;KW;KY;KZ;LA;LB;LC;LI;LK;LR;LS;LT;LU;LV;LY;MA;MC;MD;ME;MF;MG;MH;MK;ML;MM;MN;MO;MP;MQ;MR;MS;MT;MU;MV;MW;MX;MY;MZ;NA;NC;NE;NF;NG;NI;NL;NO;NP;NR;NU;NZ;OM;PA;PE;PF;PG;PH;PK;PL;PM;PN;PR;PS;PT;PW;PY;QA;RE;RO;RS;RU;RW;SA;SB;SC;SD;SE;SG;SH;SI;SJ;SK;SL;SM;SN;SO;SR;SS;ST;SV;SX;SY;SZ;TC;TD;TF;TG;TH;TJ;TK;TL;TM;TN;TO;TR;TT;TV;TW;TZ;UA;UG;UM;US;UY;UZ;VA;VC;VE;VG;VI;VN;VU;WF;WS;YE;YT;ZA;ZM;ZW,"Distribution territories, not artist origin or audience geography.",,,False,True,False,False,True,False,False,True,OK,True,Beast In Black; Berserker; Blind And Frozen,https://i.ytimg.com/vi/IVKByFMQHss/maxresdefault.jpg,,,,,rank,High,94.58,High,7.157929,1.0,98.333333,7.159720102
week1_13july,2026-07-14T10:57:52+00:00,YouTube Music,anonymous public YouTube Music web API,Heavy Metal MCT,27,M011,Accept,Teutonic Terror,Germany,2010,heavy metal,ral4hAS5dVk,https://music.youtube.com/watch?v=ral4hAS5dVk,https://www.youtube.com/watch?v=ral4hAS5dVk,Teutonic Terror,Accept,MUSIC_VIDEO_TYPE_ATV,Music,314,3966450,ytmusicapi player response videoDetails.viewCount,3933340,2026-06-29T19:44:09+00:00,33110,0.008417782342741792,2262.458053989844,,,Exact public like/comment counts require the parked official YouTube Data API integration; not returned by the YouTube Music endpoint used.,UCi7K9hxcPHgqtqiomqZIqTw,Accept,240K,240000,179779413,"ACCEPT ARE BACK! The German kingpins of heavy metal will release their new, eagely-awaited studio album via Nuclear Blast on January 29th 2021. The ingenious title of the masterpiece is “Too Mean To Die”. 

Speaking of heavy metal kingpins, when ACCEPT first launched at the end of the 70s, the metal genre didn’t even exist - at first the band could only be labelled with the (quality) seal “crazy loud and crazy wild”. Today we know that this was (and is) metal par excellence. And we also know that ACCEPT opened the door to thrash metal, inspiring giants such as Metallica. Guitarist Kirk Hammett recently stated in the German magazine “Gitarre & Bass”: “Wolf Hoffmann has a huge influence on me.“

There’s no doubt that with “Too Mean To Die” Accept are once again playing at the top of the Champions League of the genre. Wolf Hoffmann & Co. present the (music) world eleven masterpieces at the beginning of 2021 - eleven songs for eternity! 

ACCEPT line-up 2020: 
Wolf Hoffmann - guitar
Mark Tornillo – vocals
Uwe Lulis – guitar
Philip Shouse - guitar
Martin Motnik – bass 
Christopher Williams – drums",5,10,10,10,Accept - Topic,http://www.youtube.com/channel/UCi7K9hxcPHgqtqiomqZIqTw,MPREb_flAbTyh1l2W,Blood of the Nations,Album,2010,13,4387,OLAK5uy_ncl5WN0XtEJ-iJJ2oJimi8CF70pwRJMtg,2019-03-19T12:14:55-07:00,2019-03-19T12:14:55-07:00,249,AD;AE;AF;AG;AI;AL;AM;AO;AQ;AR;AS;AT;AU;AW;AX;AZ;BA;BB;BD;BE;BF;BG;BH;BI;BJ;BL;BM;BN;BO;BQ;BR;BS;BT;BV;BW;BY;BZ;CA;CC;CD;CF;CG;CH;CI;CK;CL;CM;CN;CO;CR;CU;CV;CW;CX;CY;CZ;DE;DJ;DK;DM;DO;DZ;EC;EE;EG;EH;ER;ES;ET;FI;FJ;FK;FM;FO;FR;GA;GB;GD;GE;GF;GG;GH;GI;GL;GM;GN;GP;GQ;GR;GS;GT;GU;GW;GY;HK;HM;HN;HR;HT;HU;ID;IE;IL;IM;IN;IO;IQ;IR;IS;IT;JE;JM;JO;JP;KE;KG;KH;KI;KM;KN;KP;KR;KW;KY;KZ;LA;LB;LC;LI;LK;LR;LS;LT;LU;LV;LY;MA;MC;MD;ME;MF;MG;MH;MK;ML;MM;MN;MO;MP;MQ;MR;MS;MT;MU;MV;MW;MX;MY;MZ;NA;NC;NE;NF;NG;NI;NL;NO;NP;NR;NU;NZ;OM;PA;PE;PF;PG;PH;PK;PL;PM;PN;PR;PS;PT;PW;PY;QA;RE;RO;RS;RU;RW;SA;SB;SC;SD;SE;SG;SH;SI;SJ;SK;SL;SM;SN;SO;SR;SS;ST;SV;SX;SY;SZ;TC;TD;TF;TG;TH;TJ;TK;TL;TM;TN;TO;TR;TT;TV;TW;TZ;UA;UG;UM;US;UY;UZ;VA;VC;VE;VG;VI;VN;VU;WF;WS;YE;YT;ZA;ZM;ZW,"Distribution territories, not artist origin or audience geography.",,,False,True,False,False,True,False,False,True,OK,True,Accept; Blood of the Nations; Teutonic Terror,https://i.ytimg.com/vi/ral4hAS5dVk/maxresdefault.jpg,,,,,rank,High,86.14,High,6.594762,7.0,78.333333,6.598401984
week1_13july,2026-07-14T10:57:52+00:00,YouTube Music,anonymous public YouTube Music web API,Heavy Metal MCT,28,M001,Metallica,Moth Into Flame,United States,2016,heavy metal,BtRyz1qGI8c,https://music.youtube.com/watch?v=BtRyz1qGI8c,https://www.youtube.com/watch?v=BtRyz1qGI8c,Moth Into Flame,Metallica,MUSIC_VIDEO_TYPE_ATV,Music,351,5451138,ytmusicapi player response videoDetails.viewCount,5386594,2026-06-29T19:44:09+00:00,64544,0.011982339860772875,4410.3924082368,,,Exact public like/comment counts require the parked official YouTube Data API integration; not returned by the YouTube Music endpoint used.,UCGexNm_Kw4rdQjLxmpb2EKw,Metallica,12.5M,12500000,9441072596,"Formed in 1981 by vocalist/guitarist James Hetfield and drummer Lars Ulrich and including guitarist Kirk Hammett and bassist Robert Trujillo, Metallica has become one of the most influential and successful rock bands in history, selling nearly 125 million albums worldwide and generating more than 17 billion streams while playing to millions of fans on all seven continents—more than 1.3 million of whom belong to the band’s fiercely loyal and consistently growing Fifth Member fan club. Metallica’s catalog of multi-platinum studio albums includes Kill ’Em All, Ride the Lightning, Master of Puppets, …And Justice for All, Metallica (commonly referred to as The Black Album), Load, ReLoad, St. Anger, Death Magnetic, Hardwired…To Self-Destruct, and most recently, the Grammy-winning 72 Seasons, released April 14, 2023, on the band’s own Blackened Recordings label. Metallica’s awards and accolades include nine Grammy Awards, two American Music Awards, multiple MTV Video Music Awards, a 2009 induction into the Rock & Roll Hall of Fame, and Sweden’s Polar Music Prize. In 2017, All Within My Hands (AWMH) was conceived by the members and management of Metallica. The non-profit, philanthropic organization is dedicated to creating sustainable communities by supporting workforce education, the fight against hunger, and other critical local services.",5,10,10,10,Metallica - Topic,http://www.youtube.com/channel/UCGexNm_Kw4rdQjLxmpb2EKw,MPREb_fxKwb4XVrNL,Hardwired…To Self-Destruct (Deluxe),Album,2016,26,9448,OLAK5uy_mXl3Ah_8a1uyn2h7w9qd4EHF4ggjFYWuQ,2022-06-07T15:53:33-07:00,2022-06-07T15:53:33-07:00,123,AE;AR;AS;AT;AU;AW;AZ;BA;BD;BE;BG;BH;BM;BO;BR;BY;CA;CH;CL;CO;CR;CY;CZ;DE;DK;DO;DZ;EC;EE;EG;ES;FI;FR;GB;GE;GF;GH;GP;GR;GT;GU;HK;HN;HR;HU;ID;IE;IL;IN;IQ;IS;IT;JM;JO;JP;KE;KH;KR;KW;KY;KZ;LA;LB;LI;LK;LT;LU;LV;LY;MA;MK;MP;MQ;MT;MX;MY;NC;NG;NI;NL;NO;NP;NZ;OM;PA;PE;PF;PG;PH;PK;PL;PR;PT;PY;QA;RE;RO;RS;RU;SA;SE;SG;SI;SK;SN;SV;TC;TH;TN;TR;TW;TZ;UA;UG;US;UY;VE;VI;VN;YE;YT;ZA;ZW,"Distribution territories, not artist origin or audience geography.",,,False,True,False,False,True,False,False,True,OK,True,Metallica; Hardwired…To Self-Destruct (Deluxe); Moth Into Flame,https://i.ytimg.com/vi/BtRyz1qGI8c/maxresdefault.jpg,,,,,rank,High,90.96,High,6.731314,3.0,91.666667,6.736487177
week1_13july,2026-07-14T10:57:52+00:00,YouTube Music,anonymous public YouTube Music web API,Heavy Metal MCT,29,M018,DragonForce,Cry Thunder,United Kingdom,2012,power metal,20vgg_WoTz4,https://music.youtube.com/watch?v=20vgg_WoTz4,https://www.youtube.com/watch?v=20vgg_WoTz4,Cry Thunder,Dragonforce,MUSIC_VIDEO_TYPE_ATV,Music,318,1642442,ytmusicapi player response videoDetails.viewCount,1631618,2026-06-29T19:44:09+00:00,10824,0.006633905730385421,739.6208389122944,,,Exact public like/comment counts require the parked official YouTube Data API integration; not returned by the YouTube Music endpoint used.,UCDademfIkaXZGd2Ww-S60Tw,Dragonforce,1.6M,1600000,648067648,"DragonForce are a genre-defining force in power metal. RIAA platinum-selling, Grammy-nominated, and globally celebrated as the world's fastest band. Founded in London in 1999 by guitarists Herman Li and Sam Totman, the band has spent over two decades rewriting the rules of heavy metal with their signature sound, impossibly fast guitar solos, soaring anthemic choruses, and a live show that is as exhilarating as it is technically breathtaking.

Now entering a new era, DragonForce have joined forces with internationally acclaimed vocalist Alissa White-Gluz, who will feature on their forthcoming 10th studio album and upcoming tour dates. Her addition marks a bold new chapter for the band, expanding their sonic range while building on the technical precision and intensity that define the DragonForce sound.",5,10,10,10,DragonForce - Topic,http://www.youtube.com/channel/UCDademfIkaXZGd2Ww-S60Tw,MPREb_Qz3znytwdzu,The Power Within,Album,2012,10,3028,OLAK5uy_nyYY4PJ-Qvfwe4r9z5jP2je1eHD8dhpmY,2015-08-23T09:58:41-07:00,2015-08-23T09:58:41-07:00,61,AR;AT;AU;BA;BE;BG;BO;BR;BY;CH;CL;CO;CR;CY;CZ;DE;DK;EC;EE;ES;FI;FR;GB;GE;GF;GR;GT;HN;HR;HU;IE;IS;IT;LI;LT;LU;LV;MK;MT;MX;NI;NL;NO;NZ;PA;PE;PL;PT;PY;RO;RS;RU;SE;SI;SK;SV;TR;UA;UY;VE;ZA,"Distribution territories, not artist origin or audience geography.",,,False,True,False,False,True,False,False,True,OK,True,Dragonforce; The Power Within; Cry Thunder,https://i.ytimg.com/vi/20vgg_WoTz4/maxresdefault.jpg,,,,,rank,High,78.92,High,6.212619,8.0,75.0,6.215490042
week1_13july,2026-07-14T10:57:52+00:00,YouTube Music,anonymous public YouTube Music web API,Heavy Metal MCT,30,M030,Wind Rose,Drunken Dwarves,Italy,2019,power metal,oPQAfz1GulI,https://music.youtube.com/watch?v=oPQAfz1GulI,https://www.youtube.com/watch?v=oPQAfz1GulI,Drunken Dwarves,Wind Rose,MUSIC_VIDEO_TYPE_ATV,Music,273,4739702,ytmusicapi player response videoDetails.viewCount,4712660,2026-06-29T19:44:09+00:00,27042,0.0057381606141754336,1847.8221291450725,,,Exact public like/comment counts require the parked official YouTube Data API integration; not returned by the YouTube Music endpoint used.,UCdAggYOsJb6fRlADpIinxlQ,Wind Rose,263K,263000,212875424,"Wind Rose is a power metal band founded in Tuscany, Italy in 2009 by singer Francesco Cavalieri, guitarist Claudio Falconcini and keyboardist Federico Meranda. Music and lyrics draw inspiration from the fantasy world of Tolkien, and in particular from the Dwarves, the fictional race that also influences the costumes and the look of the band",5,6,10,10,Wind Rose - Topic,http://www.youtube.com/channel/UCdAggYOsJb6fRlADpIinxlQ,MPREb_A865bI7BNb8,Wintersaga,Album,2019,9,3007,OLAK5uy_kZAuid4gLfwSuZoItIdDGphyk3QOwDEuM,2019-09-26T06:30:04-07:00,2019-09-26T06:30:04-07:00,122,AE;AR;AS;AT;AU;AW;AZ;BA;BD;BE;BG;BH;BM;BO;BR;BY;CA;CH;CL;CO;CR;CY;CZ;DE;DK;DO;DZ;EC;EE;EG;ES;FI;FR;GB;GE;GF;GH;GP;GR;GT;GU;HK;HN;HR;HU;ID;IE;IL;IN;IQ;IS;IT;JM;JO;JP;KE;KH;KR;KW;KY;KZ;LA;LB;LI;LK;LT;LU;LV;LY;MA;MK;MP;MQ;MT;MX;MY;NC;NG;NI;NL;NO;NP;NZ;OM;PA;PE;PF;PG;PH;PK;PL;PR;PT;PY;QA;RE;RO;RS;SA;SE;SG;SI;SK;SN;SV;TC;TH;TN;TR;TW;TZ;UA;UG;US;UY;VE;VI;VN;YE;YT;ZA;ZW,"Distribution territories, not artist origin or audience geography.",,,False,True,False,False,True,False,False,True,OK,True,Wind Rose; Meranda Federico; Falconcini Claudio; Fagiolini Francesco; Wintersaga; Drunken Dwarves,https://i.ytimg.com/vi/oPQAfz1GulI/maxresdefault.jpg,,,,,rank,High,87.35,High,6.673266,6.0,81.666667,6.675751037
