platform,week_number,user_number,playlist_song_count,valid_popularity_count,missing_popularity_count,popularity_coverage,median_popularity,mean_popularity,geometric_mean_popularity,median_log10_plus1,median_log10_delta_vs_balanced,median_ratio_vs_balanced,median_original_pool_percentile,mean_original_pool_percentile,share_above_balanced_median,share_above_balanced_max,share_low_tier,share_buffer_tier,share_middle_tier,share_high_tier
YouTube,3,1,30,30,0,1.0,887332.5,136535689.83333334,1540799.202260492,5.947439576158564,1.133191980426643,13.609409509202454,72.891566,75.46184736666666,1.0,0.1,0.0,0.26666666666666666,0.26666666666666666,0.4666666666666667
YouTube,3,2,30,30,0,1.0,3670124.5,59414247.56666667,5035700.452967737,6.564661402916924,1.7504138071850037,56.29026840490798,84.939759,83.81526103333333,0.9666666666666667,0.36666666666666664,0.03333333333333333,0.26666666666666666,0.0,0.7
YouTube,3,3,30,30,0,1.0,1507489.0,40578960.56666667,1959736.330268325,6.178016581370713,1.3637689856387927,23.12101226993865,78.915663,77.4899598,0.9666666666666667,0.23333333333333334,0.03333333333333333,0.23333333333333334,0.16666666666666666,0.5666666666666667
YouTube,3,4,30,30,0,1.0,6326235.5,84565128.3,4717483.131339461,6.801145124620025,1.9868975288881048,97.02816717791411,92.168675,83.51405616666666,0.9666666666666667,0.4,0.0,0.16666666666666666,0.16666666666666666,0.6666666666666666
YouTube,3,5,30,30,0,1.0,10751914.0,148160654.46666667,8762592.320372416,7.0108530490441145,2.196605453312194,164.9066717791411,92.7710845,86.96787143333331,0.9333333333333333,0.4666666666666667,0.0,0.1,0.13333333333333333,0.7666666666666667
YouTube,3,6,30,30,0,1.0,10056242.0,216654880.9,7408406.903628836,6.997449886815952,2.1832022910840316,154.23685582822085,92.7710845,83.9357429,0.9,0.4666666666666667,0.0,0.2,0.13333333333333333,0.6666666666666666
YouTube,3,7,30,30,0,1.0,1054599.5,7256018.166666667,925891.1364210512,6.005779472682304,1.1915318769503833,16.17485429447853,74.69879499999999,73.21285133333335,0.9333333333333333,0.13333333333333333,0.03333333333333333,0.06666666666666667,0.4,0.5
YouTube,3,8,30,30,0,1.0,575326.5,11174603.3,782309.8661217588,5.75991059728408,0.945663001552159,8.824041411042945,71.686747,71.1646586,0.8666666666666667,0.16666666666666666,0.0,0.36666666666666664,0.26666666666666666,0.36666666666666664
YouTube,3,9,30,30,0,1.0,1242929.0,6227870.966666667,1302397.958257548,6.080566733176318,1.2663191374443974,19.06334355828221,75.9036145,76.34538156666666,0.9333333333333333,0.1,0.03333333333333333,0.3333333333333333,0.13333333333333333,0.5
YouTube,3,10,30,30,0,1.0,347369.5,25990180.7,728955.677010384,5.539813466665068,0.7255658709331474,5.327768404907975,66.2650605,70.62249,0.9,0.13333333333333333,0.0,0.1,0.4666666666666667,0.43333333333333335
YouTube,4,1,30,30,0,1.0,1510403.0,9211106.466666667,1587251.8383983679,6.178124964323544,1.3638773685916235,23.165705521472393,78.915663,77.75100406666665,0.9666666666666667,0.16666666666666666,0.0,0.26666666666666666,0.2,0.5333333333333333
YouTube,4,2,30,30,0,1.0,1435128.0,48683284.96666667,1332771.409914858,6.156565963862937,1.3423183681310156,22.011180981595093,78.313253,74.71887553333335,0.8666666666666667,0.16666666666666666,0.03333333333333333,0.23333333333333334,0.2,0.5333333333333333
YouTube,4,3,30,30,0,1.0,1318518.0,5793008.8,1063043.7656640392,6.116354663978239,1.3021070682463183,20.222684049079756,77.10843399999999,75.02008036666668,0.9666666666666667,0.1,0.0,0.23333333333333334,0.23333333333333334,0.5333333333333333
YouTube,4,4,30,30,0,1.0,3725138.0,53749123.36666667,2886439.0715402123,6.571138280511208,1.7568906847792882,57.13403374233129,84.939759,80.86345379999999,0.9666666666666667,0.3,0.0,0.2,0.2,0.6
YouTube,4,5,30,30,0,1.0,1356162.5,47911101.46666667,1600931.4609077487,6.127054403071568,1.3128068073396482,20.800053680981595,77.10843399999999,76.9678714333333,0.9,0.13333333333333333,0.0,0.3333333333333333,0.13333333333333333,0.5333333333333333
YouTube,4,6,30,30,0,1.0,1635534.5,29559936.1,2142817.819631796,6.212788781602525,1.3985411858706045,25.084900306748466,79.51807249999999,78.4538152,0.9,0.23333333333333334,0.0,0.2,0.26666666666666666,0.5333333333333333
YouTube,4,7,30,30,0,1.0,3005273.5,48856076.4,3100087.4568295404,6.467904135936159,1.653656540204238,46.09316717791411,83.7349395,82.06827303333333,0.9666666666666667,0.16666666666666666,0.0,0.26666666666666666,0.1,0.6333333333333333
YouTube,4,8,30,30,0,1.0,562510.0,2603533.2333333334,509701.0243247843,5.744872315825598,0.9306247200936775,8.627469325153374,71.084337,68.83534126666667,0.8333333333333334,0.06666666666666667,0.0,0.36666666666666664,0.3333333333333333,0.3
YouTube,4,9,30,30,0,1.0,6378175.0,62605327.833333336,7015444.987291207,6.804692970707465,1.9904453749755442,97.82478527607363,92.168675,87.40963856666667,1.0,0.36666666666666664,0.0,0.13333333333333333,0.03333333333333333,0.8333333333333334
YouTube,4,10,30,30,0,1.0,73900175.5,183612857.3,41113596.40526842,7.867869916857995,3.0536223211260745,1133.4382898773006,99.39759,93.63453813333332,1.0,0.6666666666666666,0.0,0.0,0.03333333333333333,0.9666666666666667
YouTube,5,1,30,30,0,1.0,2099092.5,155998608.06666666,3591286.939743159,6.321882271037271,1.5076346753053511,32.19468558282209,81.325301,80.6024096,0.9666666666666667,0.23333333333333334,0.0,0.26666666666666666,0.13333333333333333,0.6
YouTube,5,2,30,30,0,1.0,7497457.5,142549771.16666666,6478135.542902279,6.869890006002398,2.0556424102704782,114.99169478527607,92.168675,84.87951803333333,0.9333333333333333,0.4,0.0,0.23333333333333334,0.1,0.6666666666666666
YouTube,5,3,30,30,0,1.0,2216608.5,162936874.16666666,4381655.068458247,6.344548291201361,1.5303006954694407,33.997078220858896,81.92771049999999,81.20481923333334,1.0,0.36666666666666664,0.0,0.16666666666666666,0.23333333333333334,0.6
YouTube,5,4,30,30,0,1.0,12491686.5,125990014.7,11241278.833737306,7.086905948451829,2.2726583527199087,191.5902990797546,95.180723,89.05622483333332,1.0,0.5,0.0,0.06666666666666667,0.06666666666666667,0.8666666666666667
YouTube,5,5,30,30,0,1.0,1843218.5,93657658.46666667,2276388.9132393626,6.26506708531975,1.450819489587829,28.27023773006135,80.120482,77.59036133333333,0.9,0.23333333333333334,0.0,0.2,0.23333333333333334,0.5666666666666667
YouTube,5,6,30,30,0,1.0,4871217.5,11036354.866666667,4771643.590581182,6.6872413591794695,1.8729937634475489,74.71194018404908,88.554217,86.66666666666667,1.0,0.2,0.0,0.2,0.0,0.8
YouTube,5,7,30,30,0,1.0,554494.5,6046949.8,993177.7105096541,5.743455055382451,0.92920745965053,8.504532208588957,71.0843375,74.25702813333334,0.9666666666666667,0.13333333333333333,0.0,0.26666666666666666,0.26666666666666666,0.4666666666666667
YouTube,5,8,30,30,0,1.0,1605491.0,16295398.6,1846874.5051357595,6.205591633448108,1.391344037716188,24.624110429447853,78.915663,78.39357426666668,0.9333333333333333,0.26666666666666666,0.0,0.13333333333333333,0.26666666666666666,0.6
YouTube,5,9,30,30,0,1.0,7649797.5,10265753.866666667,4800450.738779691,6.8800447140592365,2.065797118327316,117.32819785276074,92.168675,86.94779123333332,1.0,0.2,0.0,0.23333333333333334,0.0,0.7666666666666667
YouTube,5,10,30,30,0,1.0,516631.0,4668197.433333334,640041.4190174879,5.712122117702396,0.8978745219704756,7.923803680981595,69.87951799999999,70.32128519999999,0.8666666666666667,0.13333333333333333,0.0,0.4,0.23333333333333334,0.36666666666666664
YouTube,6,1,30,30,0,1.0,795683.0,12967489.666666666,652260.4699121356,5.898004056621788,1.0837564608898682,12.203742331288344,72.891566,69.53815263333333,0.8,0.06666666666666667,0.06666666666666667,0.23333333333333334,0.23333333333333334,0.4666666666666667
YouTube,6,2,30,30,0,1.0,2181153.5,170389310.06666666,4188069.400301928,6.337889690746836,1.5236420950149157,33.45328987730061,81.325301,81.42570280000001,0.9666666666666667,0.3,0.0,0.16666666666666666,0.1,0.7333333333333333
YouTube,6,3,30,30,0,1.0,5739779.5,141776120.83333334,8952947.587764677,6.7561841390962485,1.9419365433643274,88.03344325153374,90.9638555,87.751004,1.0,0.3333333333333333,0.0,0.2,0.0,0.8
YouTube,6,4,30,30,0,1.0,1096590.0,33668032.166666664,1557559.304564948,6.035008989107507,1.2207613933755868,16.81888036809816,74.69879499999999,76.68674693333332,0.9333333333333333,0.13333333333333333,0.03333333333333333,0.3,0.16666666666666666,0.5
YouTube,6,5,30,30,0,1.0,629990.0,42829582.7,851422.2329802765,5.799308686257888,0.9850610905259676,9.662438650306749,71.686747,72.10843373333334,0.9333333333333333,0.1,0.03333333333333333,0.4666666666666667,0.16666666666666666,0.3333333333333333
YouTube,6,6,30,30,0,1.0,355041.5,1379171.6666666667,410553.82753259223,5.54300143044938,0.7287538347174598,5.445437116564417,66.86747,67.06827306666666,0.9333333333333333,0.0,0.03333333333333333,0.3333333333333333,0.36666666666666664,0.26666666666666666
YouTube,6,7,30,30,0,1.0,1321774.5,27611334.0,1648000.2699307352,6.120722321670442,1.306474725938521,20.27263036809816,77.10843349999999,77.811245,0.9666666666666667,0.1,0.0,0.26666666666666666,0.16666666666666666,0.5666666666666667
YouTube,6,8,30,30,0,1.0,2459845.0,9451405.133333333,2168165.8238691883,6.389331201353274,1.5750836056213537,37.72769938650307,82.5301205,80.20080319999998,1.0,0.26666666666666666,0.0,0.3333333333333333,0.13333333333333333,0.5333333333333333
YouTube,6,9,30,30,0,1.0,1972769.0,8288806.933333334,1763553.3662399035,6.292181354671533,1.4779337589396127,30.257208588957056,80.7228915,78.51405623333332,1.0,0.2,0.0,0.23333333333333334,0.2,0.5666666666666667
YouTube,6,10,30,30,0,1.0,6285555.5,258112046.16666666,10629603.359660143,6.796654580807479,1.9824069850755577,96.40424079754601,92.168675,86.4056225,1.0,0.36666666666666664,0.0,0.1,0.16666666666666666,0.7333333333333333
