candidate_id,artist,title,country,expected_year,style,youtube_artist_name,spotify_track_id,primary_artist_id,primary_artist_url,spotify_url,spotify_title,spotify_artists,spotify_album,spotify_release_date,spotify_isrc,spotify_duration_ms,spotify_api_popularity,validation_status,validation_notes,artist_monthly_listeners,artist_monthly_listeners_captured_at,artist_monthly_listeners_source,artist_monthly_listeners_fetch_error,stream_count,captured_at,source_note,stream_count_censored,spotify_metric,spotify_metric_value,spotify_percentile,spotify_tier,spotify_log10_popularity,spotify_magnitude_tier,spotify_magnitude_cluster_center,spotify_magnitude_distance_to_center
M001,Metallica,Moth Into Flame,United States,2016,heavy metal,,3JjZq20Kv6UphyyirAaY9A,2ye2Wgw4gimLv2eAKyk1NB,https://open.spotify.com/artist/2ye2Wgw4gimLv2eAKyk1NB,https://open.spotify.com/track/3JjZq20Kv6UphyyirAaY9A,Moth Into Flame,Metallica,Hardwired…To Self-Destruct,2016-11-18,QMKHM1600380,350644,,OK,,32848505,2026-06-29T19:38:38+00:00,Spotify public artist page,,,,Spotify desktop album page,no,artist_monthly_listeners,32848505,99.40,High,7.516516,High,5.895970,1.620546
M002,Avenged Sevenfold,Hail to the King,United States,2013,heavy metal,,5anCkDvJ17aznvK5TED5uo,0nmQIMXWTXfhgOBdNzhGOs,https://open.spotify.com/artist/0nmQIMXWTXfhgOBdNzhGOs,https://open.spotify.com/track/5anCkDvJ17aznvK5TED5uo,Hail to the King,Avenged Sevenfold,Hail to the King,2013-08-20,USWB11302191,305906,,OK,,11810982,2026-06-29T19:38:38+00:00,Spotify public artist page,,,,Spotify desktop album page,no,artist_monthly_listeners,11810982,98.19,High,7.072286,High,5.895970,1.176316
M003,Five Finger Death Punch,Wrong Side of Heaven,United States,2013,heavy metal,,11Ojp7JniVvwd0gmgvyKkd,5t28BP42x2axFnqOOMg3CM,https://open.spotify.com/artist/5t28BP42x2axFnqOOMg3CM,https://open.spotify.com/track/11Ojp7JniVvwd0gmgvyKkd,Wrong Side of Heaven,Five Finger Death Punch,"The Wrong Side Of Heaven And The Righteous Side Of Hell, Volume 1",2013-07-26,US5Z51300299,271000,,OK,,6720260,2026-06-29T19:38:38+00:00,Spotify public artist page,,,,Spotify desktop album page,no,artist_monthly_listeners,6720260,95.78,High,6.827386,High,5.895970,0.931416
M004,Kamelot,Veil of Elysium,United States,2015,power metal,,0P4xr8nJqAGPL0zSkYPwWH,7gTbq5nTZGQIUgjEGXQpOS,https://open.spotify.com/artist/7gTbq5nTZGQIUgjEGXQpOS,https://open.spotify.com/track/0P4xr8nJqAGPL0zSkYPwWH,Veil of Elysium,Kamelot,Haven,2015-05-04,ATN261558804,234427,,OK,,304493,2026-06-29T19:38:38+00:00,Spotify public artist page,,,,Spotify desktop album page,no,artist_monthly_listeners,304493,71.69,Buffer,5.483579,High,5.895970,0.412391
M005,Symphony X,Nevermore,United States,2015,power metal,,2OmBhlNYNVUOvVQNVQ4l69,4MnZkh4dpNmTMPxkl4Ev5L,https://open.spotify.com/artist/4MnZkh4dpNmTMPxkl4Ev5L,https://open.spotify.com/track/2OmBhlNYNVUOvVQNVQ4l69,Nevermore,Symphony X,Underworld,2015-07-24,DED831500552,329999,,OK,,204568,2026-06-29T19:38:38+00:00,Spotify public artist page,,,,Spotify desktop album page,no,artist_monthly_listeners,204568,63.25,Buffer,5.310840,High,5.895970,0.585130
M006,Visigoth,Warrior Queen,United States,2015,heavy metal,,6bzEx9m1sOsY2WgAjPjcVX,36Fw8K3uH9kPWEkZilzk86,https://open.spotify.com/artist/36Fw8K3uH9kPWEkZilzk86,https://open.spotify.com/track/6bzEx9m1sOsY2WgAjPjcVX,Warrior Queen,Visigoth,Conqueror's Oath,2018-02-09,USMBR1812841,328751,,OK,,24956,2026-06-29T19:38:38+00:00,Spotify public artist page,,,,Spotify desktop album page,no,artist_monthly_listeners,24956,46.39,Middle,4.397192,Middle,4.092167,0.305026
M007,Eternal Champion,I Am the Hammer,United States,2016,heavy metal,,1bphIZnGESZjHnD5Lrg9cD,29xyQODvISPKNLgvvPqsA9,https://open.spotify.com/artist/29xyQODvISPKNLgvvPqsA9,https://open.spotify.com/track/1bphIZnGESZjHnD5Lrg9cD,I Am the Hammer,Eternal Champion,The Armor of Ire,2016-09-27,TCAHM2360309,314960,,OK,,20441,2026-06-29T19:38:38+00:00,Spotify public artist page,,,,Spotify desktop album page,no,artist_monthly_listeners,20441,45.18,Middle,4.310523,Middle,4.092167,0.218357
M008,Powerwolf,Army of the Night,Germany,2015,power metal,,6vQT1Y3MTGCpc31VIF5Ela,5HFkc3t0HYETL4JeEbDB1v,https://open.spotify.com/artist/5HFkc3t0HYETL4JeEbDB1v,https://open.spotify.com/track/6vQT1Y3MTGCpc31VIF5Ela,Army of the Night,Powerwolf,Blessed & Possessed,2015-07-17,ATN261558603,201386,,OK,,1150159,2026-06-29T19:38:38+00:00,Spotify public artist page,,,,Spotify desktop album page,no,artist_monthly_listeners,1150159,84.94,High,6.060758,High,5.895970,0.164788
M009,Blind Guardian,Twilight of the Gods,Germany,2015,power metal,,7LvIHenP3bZ7yp5NiXWJYF,7jxJ25p0pPjk0MStloN6o6,https://open.spotify.com/artist/7jxJ25p0pPjk0MStloN6o6,https://open.spotify.com/track/7LvIHenP3bZ7yp5NiXWJYF,Twilight of the Gods,Blind Guardian,Beyond the Red Mirror,2015-01-30,DED831401010,289399,,OK,,589662,2026-06-29T19:38:38+00:00,Spotify public artist page,,,,Spotify desktop album page,no,artist_monthly_listeners,589662,77.71,High,5.770604,High,5.895970,0.125366
M010,Helloween,Skyfall,Germany,2021,power metal,,5lsqw3b9RryGa7NrhvdrMi,4pQN0GB0fNEEOfQCaWotsY,https://open.spotify.com/artist/4pQN0GB0fNEEOfQCaWotsY,https://open.spotify.com/track/5lsqw3b9RryGa7NrhvdrMi,Skyfall,Helloween,Helloween,2021-06-18,DED832001268,731230,,OK,,1442999,2026-06-29T19:38:38+00:00,Spotify public artist page,,,,Spotify desktop album page,no,artist_monthly_listeners,1442999,88.55,High,6.159266,High,5.895970,0.263297
M011,Accept,Teutonic Terror,Germany,2010,heavy metal,,3crIa21lfjekujCQuGjlJT,3JDIAtVrJdQ7GFOX26LYpv,https://open.spotify.com/artist/3JDIAtVrJdQ7GFOX26LYpv,https://open.spotify.com/track/3crIa21lfjekujCQuGjlJT,Teutonic Terror,Accept,Blood of the Nations,2010-08-20,DED831000251,313586,,OK,,1213609,2026-06-29T19:38:38+00:00,Spotify public artist page,,,,Spotify desktop album page,no,artist_monthly_listeners,1213609,86.14,High,6.084079,High,5.895970,0.188109
M012,Orden Ogan,Gunman,Germany,2017,power metal,,3Mz5lXbMBK2tUmKAwAJwi1,3t5X2CVDf5mrlIx1SdvWYM,https://open.spotify.com/artist/3t5X2CVDf5mrlIx1SdvWYM,https://open.spotify.com/track/3Mz5lXbMBK2tUmKAwAJwi1,Gunman,Orden Ogan,Gunmen,2017-07-07,DEU601706950,317733,,OK,,260052,2026-06-29T19:38:38+00:00,Spotify public artist page,,,,Spotify desktop album page,no,artist_monthly_listeners,260052,66.87,Buffer,5.415062,High,5.895970,0.480908
M013,Primal Fear,The End Is Near,Germany,2016,heavy metal,,0V2Jge35CQn1Hc9hNBmdbm,1yfiDL3YUEJlQCgb5Pun6g,https://open.spotify.com/artist/1yfiDL3YUEJlQCgb5Pun6g,https://open.spotify.com/track/0V2Jge35CQn1Hc9hNBmdbm,The End Is Near,Primal Fear,Rulebreaker,2016-01-29,ITG271600027,266964,,OK,,116723,2026-06-29T19:38:38+00:00,Spotify public artist page,,,,Spotify desktop album page,no,artist_monthly_listeners,116723,58.43,Middle,5.067160,High,5.895970,0.828810
M014,Grave Digger,Highland Farewell,Germany,2010,heavy metal,,3zX2MDSXSlQNviigge9vAT,6mfghV4I1CD17FOhDKq7cJ,https://open.spotify.com/artist/6mfghV4I1CD17FOhDKq7cJ,https://open.spotify.com/track/3zX2MDSXSlQNviigge9vAT,Highland Farewell,Grave Digger,The Clans Will Rise Again,2010,ATN261034904,247600,,OK,,76191,2026-06-29T19:38:38+00:00,Spotify public artist page,,,,Spotify desktop album page,no,artist_monthly_listeners,76191,54.82,Middle,4.881909,Middle,4.092167,0.789743
M015,Iron Maiden,Speed of Light,United Kingdom,2015,heavy metal,,1smvmwmbrQiBwgJZMxVtup,6mdiAmATAx73kdxrNrnlao,https://open.spotify.com/artist/6mdiAmATAx73kdxrNrnlao,https://open.spotify.com/track/1smvmwmbrQiBwgJZMxVtup,Speed of Light,Iron Maiden,The Book of Souls,2015-09-04,GBCHB1410645,301745,,OK,,9421915,2026-06-29T19:38:38+00:00,Spotify public artist page,,,,Spotify desktop album page,no,artist_monthly_listeners,9421915,96.99,High,6.974139,High,5.895970,1.078169
M016,Judas Priest,Lightning Strike,United Kingdom,2018,heavy metal,,6qopop1Rc9r1RjEIBQhc8d,2tRsMl4eGxwoNabM08Dm4I,https://open.spotify.com/artist/2tRsMl4eGxwoNabM08Dm4I,https://open.spotify.com/track/6qopop1Rc9r1RjEIBQhc8d,Lightning Strike,Judas Priest,Firepower,2018-03-09,GBARL1702142,209453,,OK,,4300621,2026-06-29T19:38:38+00:00,Spotify public artist page,,,,Spotify desktop album page,no,artist_monthly_listeners,4300621,93.37,High,6.633531,High,5.895970,0.737562
M017,Saxon,Thunderbolt,United Kingdom,2018,heavy metal,,0ViETXmkc9BrgimhkqREGr,71vVmHeNgCVSa5SVmfvscU,https://open.spotify.com/artist/71vVmHeNgCVSa5SVmfvscU,https://open.spotify.com/track/0ViETXmkc9BrgimhkqREGr,Thunderbolt,Saxon,Thunderbolt,2018-02-02,UKKY81700135,239639,,OK,,472829,2026-06-29T19:38:38+00:00,Spotify public artist page,,,,Spotify desktop album page,no,artist_monthly_listeners,472829,75.30,High,5.674705,High,5.895970,0.221265
M018,DragonForce,Cry Thunder,United Kingdom,2012,power metal,,45W8En2qul3ljQKzIbsyT4,2pH3wEn4eYlMMIIQyKPbVR,https://open.spotify.com/artist/2pH3wEn4eYlMMIIQyKPbVR,https://open.spotify.com/track/45W8En2qul3ljQKzIbsyT4,Cry Thunder,DragonForce,The Power Within,2012-04-17,DEH841500444,317613,,OK,,1856073,2026-06-29T19:38:38+00:00,Spotify public artist page,,,,Spotify desktop album page,no,artist_monthly_listeners,1856073,90.96,High,6.268595,High,5.895970,0.372626
M019,Sabaton,Bismarck,Sweden,2019,power metal,,39m87lOMd5ccENPVvAT7gH,3o2dn2O0FCVsWDFSh8qxgG,https://open.spotify.com/artist/3o2dn2O0FCVsWDFSh8qxgG,https://open.spotify.com/track/39m87lOMd5ccENPVvAT7gH,Bismarck,Sabaton,Bismarck,2019-05-17,SE6HE1900101,313984,,OK,,3239085,2026-06-29T19:38:38+00:00,Spotify public artist page,,,,Spotify desktop album page,no,artist_monthly_listeners,3239085,92.17,High,6.510422,High,5.895970,0.614453
M020,HammerFall,Hector's Hymn,Sweden,2014,power metal,,708gbPVWfY8C4Q32PSYlvW,2o18h28enlHxj887tATc58,https://open.spotify.com/artist/2o18h28enlHxj887tATc58,https://open.spotify.com/track/708gbPVWfY8C4Q32PSYlvW,Hector's Hymn,HammerFall,(R)Evolution,2014-08-27,DED831400765,352028,,OK,,889206,2026-06-29T19:38:38+00:00,Spotify public artist page,,,,Spotify desktop album page,no,artist_monthly_listeners,889206,83.73,High,5.949003,High,5.895970,0.053033
M021,Bloodbound,Moria,Sweden,2011,power metal,,5CtKdgmm86gjAETNUqDJHQ,6nf7iwR6AoROxfUKZWd1r6,https://open.spotify.com/artist/6nf7iwR6AoROxfUKZWd1r6,https://open.spotify.com/track/5CtKdgmm86gjAETNUqDJHQ,Moria,Bloodbound,Unholy Cross,2011-03-18,DEU601103271,340622,,OK,,286310,2026-06-29T19:38:38+00:00,Spotify public artist page,,,,Spotify desktop album page,no,artist_monthly_listeners,286310,70.48,Buffer,5.456838,High,5.895970,0.439132
M022,Dynazty,Heartless Madness,Sweden,2020,power metal,,4QaxyJsbo5AR3bnEB7ko8h,5deRBvKxJssHVa9n6B7tWV,https://open.spotify.com/artist/5deRBvKxJssHVa9n6B7tWV,https://open.spotify.com/track/4QaxyJsbo5AR3bnEB7ko8h,Heartless Madness,Dynazty,The Dark Delight,2020-04-03,DEU601908672,239866,,OK,,587543,2026-06-29T19:38:38+00:00,Spotify public artist page,,,,Spotify desktop album page,no,artist_monthly_listeners,587543,76.51,High,5.769040,High,5.895970,0.126929
M023,Civil War,Rome Is Falling,Sweden,2012,power metal,,6oYAAgSsy3A5167QZl6Zb5,6lGzC0JJCotCU9QZ2Lgi8T,https://open.spotify.com/artist/6lGzC0JJCotCU9QZ2Lgi8T,https://open.spotify.com/track/6oYAAgSsy3A5167QZl6Zb5,Rome Is Falling,Civil War,Rome Is Falling,2012-10-23,SEXTE1202101,324423,,OK,,68031,2026-06-29T19:38:38+00:00,Spotify public artist page,,,,Spotify desktop album page,no,artist_monthly_listeners,68031,53.61,Middle,4.832713,Middle,4.092167,0.740547
M024,Brothers of Metal,Yggdrasil,Sweden,2017,power metal,,3V417nSM4Ilh0Tt5CqustV,0WPCPYm5IDNtQjuJOGNPcy,https://open.spotify.com/artist/0WPCPYm5IDNtQjuJOGNPcy,https://open.spotify.com/track/3V417nSM4Ilh0Tt5CqustV,Yggdrasil,Brothers of Metal,Prophecy of Ragnarök,2017-04-01,USCGJ1733170,272292,,OK,,858033,2026-06-29T19:38:38+00:00,Spotify public artist page,,,,Spotify desktop album page,no,artist_monthly_listeners,858033,82.53,High,5.933504,High,5.895970,0.037535
M025,Beast in Black,Blind and Frozen,Finland,2017,power metal,,7iOSeHfKU2EhSKcX7TbjKG,0rEuaTPLMhlViNCJrg3NEH,https://open.spotify.com/artist/0rEuaTPLMhlViNCJrg3NEH,https://open.spotify.com/track/7iOSeHfKU2EhSKcX7TbjKG,Blind And Frozen,Beast In Black,Berserker,2017-11-03,DED831701293,304596,,OK,,1271062,2026-06-29T19:38:38+00:00,Spotify public artist page,,,,Spotify desktop album page,no,artist_monthly_listeners,1271062,87.35,High,6.104167,High,5.895970,0.208197
M026,Stratovarius,Unbreakable,Finland,2013,power metal,,1IaQLINjiOCSv4INrrv0aS,1O8CSXsPwEqxcoBE360PPO,https://open.spotify.com/artist/1O8CSXsPwEqxcoBE360PPO,https://open.spotify.com/track/1IaQLINjiOCSv4INrrv0aS,Unbreakable - Remastered,Stratovarius,Nemesis,2013-02-22,DEH841201011,277546,,OK,,848393,2026-06-29T19:38:38+00:00,Spotify public artist page,,,,Spotify desktop album page,no,artist_monthly_listeners,848393,81.33,High,5.928598,High,5.895970,0.032628
M027,Sonata Arctica,The Wolves Die Young,Finland,2014,power metal,,4gAxNZIyZqKSQCYcZ0YPXH,5YeoQ1L71cXDMpSpqxOjfH,https://open.spotify.com/artist/5YeoQ1L71cXDMpSpqxOjfH,https://open.spotify.com/track/4gAxNZIyZqKSQCYcZ0YPXH,The Wolves Die Young,Sonata Arctica,Pariah's Child,2014-03-28,DED831400050,251893,,OK,,457896,2026-06-29T19:38:38+00:00,Spotify public artist page,,,,Spotify desktop album page,no,artist_monthly_listeners,457896,74.10,Buffer,5.660768,High,5.895970,0.235202
M028,Turisas,Ten More Miles,Finland,2013,heavy metal,,4ynHiLrKPvpR0mzQVruU60,0ykT1si9XRFPmEvWOnf4YI,https://open.spotify.com/artist/0ykT1si9XRFPmEvWOnf4YI,https://open.spotify.com/track/4ynHiLrKPvpR0mzQVruU60,Ten More Miles,Turisas,Turisas2013,2013-09-03,US4E41301802,256320,,OK,,250996,2026-06-29T19:38:38+00:00,Spotify public artist page,,,,Spotify desktop album page,no,artist_monthly_listeners,250996,65.66,Buffer,5.399669,High,5.895970,0.496301
M029,Rhapsody of Fire,Rain of Fury,Italy,2019,power metal,,7ACH45QQtgGPFzWJbiirXN,3IjLXN4eSksdGj8uDE4Jm1,https://open.spotify.com/artist/3IjLXN4eSksdGj8uDE4Jm1,https://open.spotify.com/track/7ACH45QQtgGPFzWJbiirXN,Rain of Fury,Rhapsody Of Fire,The Eighth Mountain,2019-02-22,DEU601808008,249386,,OK,,243186,2026-06-29T19:38:38+00:00,Spotify public artist page,,,,Spotify desktop album page,no,artist_monthly_listeners,243186,64.46,Buffer,5.385940,High,5.895970,0.510029
M030,Wind Rose,Drunken Dwarves,Italy,2019,power metal,,4qxK1lnNoYm1kevG69mhHU,67ps5pbKVO7V9Fcb4lTIXz,https://open.spotify.com/artist/67ps5pbKVO7V9Fcb4lTIXz,https://open.spotify.com/track/4qxK1lnNoYm1kevG69mhHU,Drunken Dwarves,Wind Rose,Wintersaga,2019-09-27,ATN261985903,272767,,OK,,723787,2026-06-29T19:38:38+00:00,Spotify public artist page,,,,Spotify desktop album page,no,artist_monthly_listeners,723787,80.12,High,5.859611,High,5.895970,0.036358
M031,Trick or Treat,Rabbit's Hill,Italy,2012,power metal,,0LLz9aMUEkY9q3kBLXymEI,2mj5rXb8mYaRoF7oOHfgqI,https://open.spotify.com/artist/2mj5rXb8mYaRoF7oOHfgqI,https://open.spotify.com/track/0LLz9aMUEkY9q3kBLXymEI,Rabbit's Hill,Trick or Treat,"Rabbit's Hill, Pt. 1",2012-11-23,DEQ121216760,325920,,OK,,9454,2026-06-29T19:38:38+00:00,Spotify public artist page,,,,Spotify desktop album page,no,artist_monthly_listeners,9454,33.13,Buffer,3.975662,Middle,4.092167,0.116505
M032,Vision Divine,Angel of Revenge,Italy,2018,power metal,,4ktpjpQSF5GeX03fzd06EJ,5L6lO4X5v3GJpTkBg1BdW2,https://open.spotify.com/artist/5L6lO4X5v3GJpTkBg1BdW2,https://open.spotify.com/track/4ktpjpQSF5GeX03fzd06EJ,Angel of Revenge,Vision Divine,Angel of Revenge,2018-12-15,DEAR41838004,363316,,OK,,25610,2026-06-29T19:38:38+00:00,Spotify public artist page,,,,Spotify desktop album page,no,artist_monthly_listeners,25610,47.59,Middle,4.408427,Middle,4.092167,0.316260
M033,Angra,Black Hearted Soul,Brazil,2014,power metal,,1QSYruiVW9PQhFkS2z41af,7IAXZaLTb6nkJr8RmVPn5y,https://open.spotify.com/artist/7IAXZaLTb6nkJr8RmVPn5y,https://open.spotify.com/track/1QSYruiVW9PQhFkS2z41af,Black Hearted Soul,ANGRA,Secret Garden,2014,BRPOQ1400002,288733,,OK,,613185,2026-06-29T19:38:38+00:00,Spotify public artist page,,,,Spotify desktop album page,no,artist_monthly_listeners,613185,78.92,High,5.787592,High,5.895970,0.108378
M034,Shaman,Brand New Me,Brazil,2022,power metal,,4O9EMs6XKGFLMMEqeHd0JQ,2THaGrUq7RPnj8Uax9zQ1m,https://open.spotify.com/artist/2THaGrUq7RPnj8Uax9zQ1m,https://open.spotify.com/track/4O9EMs6XKGFLMMEqeHd0JQ,Brand New Me,Shaman,Rescue,2022-04-15,BRHHU2200009,315666,,OK,,193502,2026-06-29T19:38:38+00:00,Spotify public artist page,,,,Spotify desktop album page,no,artist_monthly_listeners,193502,60.84,Middle,5.286688,High,5.895970,0.609282
M035,Armored Dawn,Sail Away,Brazil,2018,heavy metal,,71vODTU3y6KNJqPVauyST5,1oueQWyrcULGbpk0DyiqGf,https://open.spotify.com/artist/1oueQWyrcULGbpk0DyiqGf,https://open.spotify.com/track/71vODTU3y6KNJqPVauyST5,Sail Away,Armored Dawn,Barbarians in Black,2018-02-01,BXEFE1700007,239280,,OK,,4903,2026-06-29T19:38:38+00:00,Spotify public artist page,,,,Spotify desktop album page,no,artist_monthly_listeners,4903,21.08,Low,3.690550,Middle,4.092167,0.401616
M036,Galneryus,Raise My Sword,Japan,2015,power metal,,5iwQQDLg0wRhQ3WHorms7t,3BNDjSD67jJE4fhxX1b2OV,https://open.spotify.com/artist/3BNDjSD67jJE4fhxX1b2OV,https://open.spotify.com/track/5iwQQDLg0wRhQ3WHorms7t,RAISE MY SWORD,GALNERYUS,UNDER THE FORCE OF COURAGE,2015-12-09,JPVP01513503,431080,,OK,,348223,2026-06-29T19:38:38+00:00,Spotify public artist page,,,,Spotify desktop album page,no,artist_monthly_listeners,348223,72.89,Buffer,5.541859,High,5.895970,0.354111
M037,Anthem,The Artery Song,Japan,2012,heavy metal,,1dtLV5i9OVqOP3xULBoTbh,67BObUWOkPPGftw3ITCHXH,https://open.spotify.com/artist/67BObUWOkPPGftw3ITCHXH,https://open.spotify.com/track/1dtLV5i9OVqOP3xULBoTbh,The Artery Song,ANTHEM,ENGRAVED,2017-06-21,JPPO01702804,226400,,OK,,19104,2026-06-29T19:38:38+00:00,Spotify public artist page,,,,Spotify desktop album page,no,artist_monthly_listeners,19104,43.98,Middle,4.281147,Middle,4.092167,0.188980
M038,Concerto Moon,Alone in Paradise,Japan,2017,power metal,,3Idf8blFXZHb9cDAh5GH69,06RLyuNu1DPwwvCxLvN476,https://open.spotify.com/artist/06RLyuNu1DPwwvCxLvN476,https://open.spotify.com/track/3Idf8blFXZHb9cDAh5GH69,ALONE IN PARADISE,CONCERTO MOON,OUROBOROS,2019-06-19,JPB621900487,279093,,OK,,2218,2026-06-29T19:38:38+00:00,Spotify public artist page,,,,Spotify desktop album page,no,artist_monthly_listeners,2218,15.06,Low,3.346157,Low,2.738456,0.607701
M039,Lords of Black,Merciless,Spain,2016,heavy metal,,0U3E8lPQrqWyludEEg4NiB,5PgEqen6HcezHZRU1PJO0Z,https://open.spotify.com/artist/5PgEqen6HcezHZRU1PJO0Z,https://open.spotify.com/track/0U3E8lPQrqWyludEEg4NiB,Merciless,Lords of Black,II,2016-03-18,ITG271600107,307842,,OK,,7989,2026-06-29T19:38:38+00:00,Spotify public artist page,,,,Spotify desktop album page,no,artist_monthly_listeners,7989,29.52,Buffer,3.902547,Middle,4.092167,0.189620
M040,WarCry,Huelo el Miedo,Spain,2011,power metal,,7nenmm7QWd8YI35zOMPFsX,3hMTlMf2UGZTeP6DSUUl09,https://open.spotify.com/artist/3hMTlMf2UGZTeP6DSUUl09,https://open.spotify.com/track/7nenmm7QWd8YI35zOMPFsX,Huelo el Miedo,Warcry,Inmortal,2013-09-09,uscgh1814404,309146,,OK,,264901,2026-06-29T19:38:38+00:00,Spotify public artist page,,,,Spotify desktop album page,no,artist_monthly_listeners,264901,68.07,Buffer,5.423085,High,5.895970,0.472885
M041,Firewind,World on Fire,Greece,2010,power metal,,73VDhH8TvIIIeps0RuqXaf,70I9vE7YTwKmelfEplXc5r,https://open.spotify.com/artist/70I9vE7YTwKmelfEplXc5r,https://open.spotify.com/track/73VDhH8TvIIIeps0RuqXaf,World On Fire,Firewind,Days Of Defiance,2010-10-25,US4E41067702,282426,,OK,,107557,2026-06-29T19:38:38+00:00,Spotify public artist page,,,,Spotify desktop album page,no,artist_monthly_listeners,107557,57.23,Middle,5.031643,High,5.895970,0.864327
M042,Warrior Path,The Mad King,Greece,2021,heavy metal,,2mYFDxuPVo9WPkx3yUUTbv,0Cse5LOTboj572fe5CliXj,https://open.spotify.com/artist/0Cse5LOTboj572fe5CliXj,https://open.spotify.com/track/2mYFDxuPVo9WPkx3yUUTbv,The Mad King,Warrior Path,The Mad King,2021-03-05,USCGJ2583715,299052,,OK,,3319,2026-06-29T19:38:38+00:00,Spotify public artist page,,,,Spotify desktop album page,no,artist_monthly_listeners,3319,18.67,Low,3.521138,Middle,4.092167,0.571029
M043,The Silent Rage,The Deadliest Scourge,Greece,2016,power metal,,16IMT20oKggrd6x4dPZQN5,6W8Ifl0HfzmHx6wZeuh3dy,https://open.spotify.com/artist/6W8Ifl0HfzmHx6wZeuh3dy,https://open.spotify.com/track/16IMT20oKggrd6x4dPZQN5,The Deadliest Scourge,The Silent Rage,The Deadliest Scourge,2016-07-01,usx9p2012437,223383,,OK,,105,2026-06-29T19:38:38+00:00,Spotify public artist page,,,,Spotify desktop album page,no,artist_monthly_listeners,105,0.60,Low,2.025306,Low,2.738456,0.713150
M044,Myrath,Believer,Tunisia,2016,power metal,,6zNWCirgbJ9nkwZlVeMY3T,72500XOYPw5e7OgFWuW2Gl,https://open.spotify.com/artist/72500XOYPw5e7OgFWuW2Gl,https://open.spotify.com/track/6zNWCirgbJ9nkwZlVeMY3T,Believer,Myrath,Legacy,2016-04-29,FR7Z81500235,272477,,OK,,82719,2026-06-29T19:38:38+00:00,Spotify public artist page,,,,Spotify desktop album page,no,artist_monthly_listeners,82719,56.02,Middle,4.917611,Middle,4.092167,0.825444
M045,Carthagods,The Devil's Doll,Tunisia,2015,heavy metal,,5aI2EF6gFKSdqW1bEHQFcb,0SdxZAc2eKSnWwhjHEC07W,https://open.spotify.com/artist/0SdxZAc2eKSnWwhjHEC07W,https://open.spotify.com/track/5aI2EF6gFKSdqW1bEHQFcb,The Devil's Doll,Carthagods,The Devil's Doll,2018-12-20,usl4r1823032,356807,,OK,,640,2026-06-29T19:38:38+00:00,Spotify public artist page,,,,Spotify desktop album page,no,artist_monthly_listeners,640,9.04,Low,2.806858,Low,2.738456,0.068402
M046,Orphaned Land,Like Orpheus,Israel,2018,heavy metal,,2xT6dOB9HTQgP4WoR5ByI2,7xTMxqAmbtE0Nce5lz7t0h,https://open.spotify.com/artist/7xTMxqAmbtE0Nce5lz7t0h,https://open.spotify.com/track/2xT6dOB9HTQgP4WoR5ByI2,Like Orpheus,Orphaned Land,Unsung Prophets And Dead Messiahs,2018-01-26,US4E41848607,274500,,OK,,28978,2026-06-29T19:38:38+00:00,Spotify public artist page,,,,Spotify desktop album page,no,artist_monthly_listeners,28978,50.00,Middle,4.462083,Middle,4.092167,0.369917
M047,The HU,Wolf Totem,Mongolia,2018,heavy metal,,7LSn5it9bQhJqyfEq1PM3l,0b2B3PwcYzQAhuJacmcYgc,https://open.spotify.com/artist/0b2B3PwcYzQAhuJacmcYgc,https://open.spotify.com/track/7LSn5it9bQhJqyfEq1PM3l,Wolf Totem,The HU,The Gereg (Deluxe Edition),2020-07-10,TCADY1880557,338000,,OK,,1657676,2026-06-29T19:38:38+00:00,Spotify public artist page,,,,Spotify desktop album page,no,artist_monthly_listeners,1657676,89.76,High,6.219500,High,5.895970,0.323530
M048,Against Evil,The Sound of Violence,India,2021,heavy metal,,6Ehb1g3Qq47TqN4CSHaYUF,7KidUKr9UKzJ7SA5RZYCy9,https://open.spotify.com/artist/7KidUKr9UKzJ7SA5RZYCy9,https://open.spotify.com/track/6Ehb1g3Qq47TqN4CSHaYUF,The Sound of Violence,Against Evil,End of the Line,2021-05-14,uscgh2193288,248553,,OK,,450,2026-06-29T19:38:38+00:00,Spotify public artist page,,,,Spotify desktop album page,no,artist_monthly_listeners,450,6.63,Low,2.654177,Low,2.738456,0.084280
M049,Kryptos,Full Throttle,India,2019,heavy metal,,4AseGgv9fiVNeGC7cSU3u2,0SmK0Nh1fuDYGSGWDI3eVh,https://open.spotify.com/artist/0SmK0Nh1fuDYGSGWDI3eVh,https://open.spotify.com/track/4AseGgv9fiVNeGC7cSU3u2,Full Throttle,Kryptos,"All for Metal, Vol. 5",2018-06-22,DEU601606525,230964,,OK,,13832,2026-06-29T19:38:38+00:00,Spotify public artist page,,,,Spotify desktop album page,no,artist_monthly_listeners,13832,39.16,Middle,4.140916,Middle,4.092167,0.048750
M050,LORD,United,Australia,2019,power metal,,7yqjpBncd99OTk5EMWGUBT,6mLDXLOEh4fcvxm5ICKfhE,https://open.spotify.com/artist/6mLDXLOEh4fcvxm5ICKfhE,https://open.spotify.com/track/7yqjpBncd99OTk5EMWGUBT,United,LORD,United,2019-03-01,AUDI31900001,297670,,OK,,3073,2026-06-29T19:38:38+00:00,Spotify public artist page,,,,Spotify desktop album page,no,artist_monthly_listeners,3073,16.27,Low,3.487704,Middle,4.092167,0.604463
M051,Black Majesty,Children of the Abyss,Australia,2018,power metal,,1ZhdwkddsbYGqrUa8duXir,2DPNTAyCLXZ7EZqFaESe4q,https://open.spotify.com/artist/2DPNTAyCLXZ7EZqFaESe4q,https://open.spotify.com/track/1ZhdwkddsbYGqrUa8duXir,Children of the Abyss,Black Majesty,Children of the Abyss,2018-09-21,DEUJ61800136,275874,,OK,,6794,2026-06-29T19:38:38+00:00,Spotify public artist page,,,,Spotify desktop album page,no,artist_monthly_listeners,6794,27.11,Buffer,3.832189,Middle,4.092167,0.259977
M052,Elm Street,Heart Racer,Australia,2016,heavy metal,,7MAPT8Clft06t6fV1aVlpb,7GZ2pCmZ6H5vrdfB41vCoy,https://open.spotify.com/artist/7GZ2pCmZ6H5vrdfB41vCoy,https://open.spotify.com/track/7MAPT8Clft06t6fV1aVlpb,Heart Racer,Elm Street,Knock 'Em Out - With a Metal Fist,2016-06-24,DER371694907,328733,,OK,,5565,2026-06-29T19:38:38+00:00,Spotify public artist page,,,,Spotify desktop album page,no,artist_monthly_listeners,5565,24.70,Low,3.745543,Middle,4.092167,0.346623
M053,Striker,Born to Lose,Canada,2018,heavy metal,,5af4KHpLHbuQd4GtfhNawR,0lwL1Cu96Wvy1hMwfLqHHC,https://open.spotify.com/artist/0lwL1Cu96Wvy1hMwfLqHHC,https://open.spotify.com/track/5af4KHpLHbuQd4GtfhNawR,Born to Lose,Striker,Striker,2017-02-24,ushm91606177,239920,,OK,,9273,2026-06-29T19:38:38+00:00,Spotify public artist page,,,,Spotify desktop album page,no,artist_monthly_listeners,9273,31.93,Buffer,3.967267,Middle,4.092167,0.124900
M054,Skull Fist,Better Late Than Never,Canada,2018,heavy metal,,1RtW5EA4LO7nZHrgmgxCnJ,6V6MyDcytW48stIykhH937,https://open.spotify.com/artist/6V6MyDcytW48stIykhH937,https://open.spotify.com/track/1RtW5EA4LO7nZHrgmgxCnJ,Better Late Than Never,Skull Fist,Way of the Road,2018-10-26,ATN261807207,287173,,OK,,27621,2026-06-29T19:38:38+00:00,Spotify public artist page,,,,Spotify desktop album page,no,artist_monthly_listeners,27621,48.80,Middle,4.441255,Middle,4.092167,0.349088
M055,Traveler,Starbreaker,Canada,2019,heavy metal,,6qCGoSR3V84W2pukqjC9rL,7G0UdhtXkdKanSod5KutP0,https://open.spotify.com/artist/7G0UdhtXkdKanSod5KutP0,https://open.spotify.com/track/6qCGoSR3V84W2pukqjC9rL,Starbreaker,Traveler,Traveler,2019-02-22,ITI291901101,341293,,OK,,5241,2026-06-29T19:38:38+00:00,Spotify public artist page,,,,Spotify desktop album page,no,artist_monthly_listeners,5241,23.49,Low,3.719497,Middle,4.092167,0.372670
M056,Jorn,Life on Death Road,Norway,2017,heavy metal,,303jLr2JVLP41JBaSANWFm,5SaDyTQkjAAdrsmhPzrmw2,https://open.spotify.com/artist/5SaDyTQkjAAdrsmhPzrmw2,https://open.spotify.com/track/303jLr2JVLP41JBaSANWFm,Life on Death Road,Jorn,Life on Death Road,2017-06-02,ITG271700542,439880,,OK,,273300,2026-06-29T19:38:38+00:00,Spotify public artist page,,,,Spotify desktop album page,no,artist_monthly_listeners,273300,69.28,Buffer,5.436641,High,5.895970,0.459329
M057,Communic,The Bottom Deep,Norway,2011,heavy metal,,2cYQ1F6AR6OzuV7r6xiLIc,56w3AIFmUXAMlij4gvgEMF,https://open.spotify.com/artist/56w3AIFmUXAMlij4gvgEMF,https://open.spotify.com/track/2cYQ1F6AR6OzuV7r6xiLIc,The Bottom Deep,Communic,The Bottom Deep,2011-07-22,DED831100103,158506,,OK,,3125,2026-06-29T19:38:38+00:00,Spotify public artist page,,,,Spotify desktop album page,no,artist_monthly_listeners,3125,17.47,Low,3.494989,Middle,4.092167,0.597178
M058,Volbeat,The Devil's Bleeding Crown,Denmark,2016,heavy metal,,3TjQAc2PzWzlSDrnq61J1y,0L5fC7Ogm2YwgqVCRcF1bT,https://open.spotify.com/artist/0L5fC7Ogm2YwgqVCRcF1bT,https://open.spotify.com/track/3TjQAc2PzWzlSDrnq61J1y,The Devil's Bleeding Crown,Volbeat,Seal The Deal & Let's Boogie (Deluxe),2016-06-03,DKNE11600101,238653,,OK,,4886124,2026-06-29T19:38:38+00:00,Spotify public artist page,,,,Spotify desktop album page,no,artist_monthly_listeners,4886124,94.58,High,6.688965,High,5.895970,0.792995
M059,Iron Fire,Among the Dead,Denmark,2016,power metal,,02sRzXuXZBwnfEQEuDmMWn,2wUYahgemhGsBv9a51NfTn,https://open.spotify.com/artist/2wUYahgemhGsBv9a51NfTn,https://open.spotify.com/track/02sRzXuXZBwnfEQEuDmMWn,Among the Dead,Iron Fire,Among the Dead,2016-09-16,NOXPF1601020,251173,,OK,,7492,2026-06-29T19:38:38+00:00,Spotify public artist page,,,,Spotify desktop album page,no,artist_monthly_listeners,7492,28.31,Buffer,3.874656,Middle,4.092167,0.217511
M060,Pyramaze,Disciples of the Sun,Denmark,2015,power metal,,15y18CCQL1zxTjZHB4xdJU,23jSIm8VfKV2HaQJtfR3PK,https://open.spotify.com/artist/23jSIm8VfKV2HaQJtfR3PK,https://open.spotify.com/track/15y18CCQL1zxTjZHB4xdJU,Disciples of the Sun,Pyramaze,Disciples of the Sun,2015-05-22,TCACF1554666,234200,,OK,,31204,2026-06-29T19:38:38+00:00,Spotify public artist page,,,,Spotify desktop album page,no,artist_monthly_listeners,31204,51.20,Middle,4.494224,Middle,4.092167,0.402058
M061,Iron Mask,Tree of the World,Belgium,2020,power metal,,1LO7BHOGUsNPtsquVhx2Ys,4fHO1843WfhVrQkRKO555M,https://open.spotify.com/artist/4fHO1843WfhVrQkRKO555M,https://open.spotify.com/track/1LO7BHOGUsNPtsquVhx2Ys,Tree of the World,Iron Mask,Master of Masters,2020-12-04,DEU602008914,286986,,OK,,15670,2026-06-29T19:38:38+00:00,Spotify public artist page,,,,Spotify desktop album page,no,artist_monthly_listeners,15670,42.77,Middle,4.195097,Middle,4.092167,0.102930
M062,Fireforce,Combat Metal,Belgium,2014,heavy metal,,6O3eQ6rVO2wOptHkAfWNEL,51hq2WvXCCc1z4ygbN4FFV,https://open.spotify.com/artist/51hq2WvXCCc1z4ygbN4FFV,https://open.spotify.com/track/6O3eQ6rVO2wOptHkAfWNEL,Combat Metal,Fireforce,Deathbringer,2014-06-20,DET271214403,259346,,OK,,1479,2026-06-29T19:38:38+00:00,Spotify public artist page,,,,Spotify desktop album page,no,artist_monthly_listeners,1479,12.65,Low,3.170262,Low,2.738456,0.431806
M063,Existance,Heavy Metal Fury,France,2016,heavy metal,,07obh8qfggtUWx5leUuDrf,75G0mByTO4R4eFmYdJs6ax,https://open.spotify.com/artist/75G0mByTO4R4eFmYdJs6ax,https://open.spotify.com/track/07obh8qfggtUWx5leUuDrf,Heavy Metal Fury,Existance,Breaking the Rock,2016-10-15,FR26V1647792,297000,,OK,,1552,2026-06-29T19:38:38+00:00,Spotify public artist page,,,,Spotify desktop album page,no,artist_monthly_listeners,1552,13.86,Low,3.191171,Low,2.738456,0.452715
M064,Sortilège,Messager - 2021,France,2021,heavy metal,,4tIMFWs6e4BMCsudGF7JQL,2mUthKsZa1UWKvbAcJWQ2U,https://open.spotify.com/artist/2mUthKsZa1UWKvbAcJWQ2U,https://open.spotify.com/track/4tIMFWs6e4BMCsudGF7JQL,Messager - 2021,Sortilège,Phoenix,2021-08-27,FR7Z82100061,279520,,OK,,14158,2026-06-29T19:38:38+00:00,Spotify public artist page,,,,Spotify desktop album page,no,artist_monthly_listeners,14158,40.36,Middle,4.151033,Middle,4.092167,0.058866
M065,Attick Demons,City of Golden Gates,Portugal,2016,heavy metal,,6BZwg1KPw2Rl0sSzE8yGNc,5mf3WLEtrRlKH453i2mgXk,https://open.spotify.com/artist/5mf3WLEtrRlKH453i2mgXk,https://open.spotify.com/track/6BZwg1KPw2Rl0sSzE8yGNc,City of Golden Gates,Attick Demons,Atlantis,2012,DEZ902000395,317680,,OK,,835,2026-06-29T19:38:38+00:00,Spotify public artist page,,,,Spotify desktop album page,no,artist_monthly_listeners,835,11.45,Low,2.922206,Low,2.738456,0.183750
M066,Trooper,Destin,Romania,2013,heavy metal,,3THTf3wxzIhruAXH9Qh0g5,3nQoVVNwutGfczOpMK7HTd,https://open.spotify.com/artist/3nQoVVNwutGfczOpMK7HTd,https://open.spotify.com/track/3THTf3wxzIhruAXH9Qh0g5,Destin,Trooper,Stefan cel Mare - Poemele Moldovei,2018-08-31,ROA018003294,197771,,OK,,12617,2026-06-29T19:38:38+00:00,Spotify public artist page,,,,Spotify desktop album page,no,artist_monthly_listeners,12617,37.95,Middle,4.100991,Middle,4.092167,0.008824
M067,Pentagram,Geçmişin Yükü,Turkey,2012,heavy metal,,11DYAaYg2bXqa2Vr8OpS4z,1Xz8iP9Dvl5uI88iraOhs7,https://open.spotify.com/artist/1Xz8iP9Dvl5uI88iraOhs7,https://open.spotify.com/track/11DYAaYg2bXqa2Vr8OpS4z,Geçmişin Yükü,Pentagram,MMXII,2012-04-29,TRA161200036,304426,,OK,,198966,2026-06-29T19:38:38+00:00,Spotify public artist page,,,,Spotify desktop album page,no,artist_monthly_listeners,198966,62.05,Middle,5.298781,High,5.895970,0.597189
M068,Aria,Точка невозврата,Russia,2014,heavy metal,Ария,4F2x1O03ARdVHwUgbkVlBa,0ICn3Cbc4mMeLmTvwnqXYu,https://open.spotify.com/artist/0ICn3Cbc4mMeLmTvwnqXYu,https://open.spotify.com/track/4F2x1O03ARdVHwUgbkVlBa,Точка невозврата,Aria,Через все времена,2014-11-27,RUB241445506,310546,,OK,,183691,2026-06-29T19:38:38+00:00,Spotify public artist page,,,,Spotify desktop album page,no,artist_monthly_listeners,183691,59.64,Middle,5.264090,High,5.895970,0.631880
M069,Epidemia,Выбор есть!,Russia,2018,power metal,Эпидемия,6DxYqQP095L38pVc5hXLdU,7GQkGMp7NcATMCru95ES3N,https://open.spotify.com/artist/7GQkGMp7NcATMCru95ES3N,https://open.spotify.com/track/6DxYqQP095L38pVc5hXLdU,Выбор есть!,Epidemia,Легенда Ксентарона,2018-02-08,TCADL1891398,273860,,OK,,15174,2026-06-29T19:38:38+00:00,Spotify public artist page,,,,Spotify desktop album page,no,artist_monthly_listeners,15174,41.57,Middle,4.181129,Middle,4.092167,0.088962
M070,Sunrise,Tower of Fear,Ukraine,2016,power metal,,0rVS03RFAfLm0HzOpuGeR6,5KoM1czSEh1VGnySR3h2n4,https://open.spotify.com/artist/5KoM1czSEh1VGnySR3h2n4,https://open.spotify.com/track/0rVS03RFAfLm0HzOpuGeR6,Tower of Fear,Sunrise,Absolute Clarity,2016-01-19,FR2X41738859,289044,,OK,,4515,2026-06-29T19:38:38+00:00,Spotify public artist page,,,,Spotify desktop album page,no,artist_monthly_listeners,4515,19.88,Low,3.654754,Middle,4.092167,0.437413
M071,Agora,En la Nada,Mexico,2011,heavy metal,,23ILYQwmx0J8eSPjltEb6L,6rYc6WImdfhd7wtSFp1jb3,https://open.spotify.com/artist/6rYc6WImdfhd7wtSFp1jb3,https://open.spotify.com/track/23ILYQwmx0J8eSPjltEb6L,En la Nada,Agora,Regresa al Vértigo,2011-05-12,MX2661100032,281835,,OK,,11477,2026-06-29T19:38:38+00:00,Spotify public artist page,,,,Spotify desktop album page,no,artist_monthly_listeners,11477,35.54,Buffer,4.059866,Middle,4.092167,0.032300
M072,Helker,Fight,Argentina,2013,heavy metal,,4Qqz7qQIF2IPuAOnS92SKJ,73UaCOx7zJtZ8HlEjTnb0Z,https://open.spotify.com/artist/73UaCOx7zJtZ8HlEjTnb0Z,https://open.spotify.com/track/4Qqz7qQIF2IPuAOnS92SKJ,Fight,Helker,Firesoul,2017-05-05,DEU601706780,192200,,OK,,8520,2026-06-29T19:38:38+00:00,Spotify public artist page,,,,Spotify desktop album page,no,artist_monthly_listeners,8520,30.72,Buffer,3.930491,Middle,4.092167,0.161676
M073,Deadline,Bloodbeast,South Africa,2022,heavy metal,,1mAivZyomROH2PYh7SaXJg,2SQva0Fk9JucHzy3TA8tO9,https://open.spotify.com/artist/2SQva0Fk9JucHzy3TA8tO9,https://open.spotify.com/track/1mAivZyomROH2PYh7SaXJg,Bloodbeast,Deadline,Black Wolf City,2017-10-14,ushm81798834,244036,,OK,,214,2026-06-29T19:38:38+00:00,Spotify public artist page,,,,Spotify desktop album page,no,artist_monthly_listeners,214,1.81,Low,2.332438,Low,2.738456,0.406018
M074,Skinflint,Flesh Potion,Botswana,2022,heavy metal,,5Hx4kJ8V59tGFotZHYW9Vy,76MMXRm4VwkwlptuOPeRX1,https://open.spotify.com/artist/76MMXRm4VwkwlptuOPeRX1,https://open.spotify.com/track/5Hx4kJ8V59tGFotZHYW9Vy,Flesh Potion,Skinflint,Adze,2022-06-20,TCAGX2337229,294234,,OK,,385,2026-06-29T19:38:38+00:00,Spotify public artist page,,,,Spotify desktop album page,no,artist_monthly_listeners,385,5.42,Low,2.586587,Low,2.738456,0.151869
M075,Arka'n Asrafokor,Awala,Togo,2019,heavy metal,ARKA'N,1oAECJelV9xSstJB8fRleU,6l8FgxcVWdqGn25uZY2rgY,https://open.spotify.com/artist/6l8FgxcVWdqGn25uZY2rgY,https://open.spotify.com/track/1oAECJelV9xSstJB8fRleU,Awala,ARKA'N ASRAFOKOR,Zã Keli,2019-02-15,TCAEG1943838,213598,,OK,,6616,2026-06-29T19:38:38+00:00,Spotify public artist page,,,,Spotify desktop album page,no,artist_monthly_listeners,6616,25.90,Buffer,3.820661,Middle,4.092167,0.271506
M076,Emerald,Digital Slavery,Switzerland,2012,heavy metal,,4yqFAogywm9DGzQOoiLkil,4w0gX7zcZG18e8yqvXoUKL,https://open.spotify.com/artist/4w0gX7zcZG18e8yqvXoUKL,https://open.spotify.com/track/4yqFAogywm9DGzQOoiLkil,Digital Slavery,Emerald,Restless Souls,2019-05-17,DEZ901900009,232971,,OK,,316,2026-06-29T19:38:38+00:00,Spotify public artist page,,,,Spotify desktop album page,no,artist_monthly_listeners,316,4.22,Low,2.501059,Low,2.738456,0.237397
M077,Dragony,If It Bleeds We Can Kill It,Austria,2017,power metal,,2YQDtovUXJ2zfPldc9mZzy,4ZGFYwFpBWxq6FxqilvRJT,https://open.spotify.com/artist/4ZGFYwFpBWxq6FxqilvRJT,https://open.spotify.com/track/2YQDtovUXJ2zfPldc9mZzy,If It Bleeds We Can Kill It,Dragony,Masters of the Multiverse,2018-10-12,DET271817202,272000,,OK,,31321,2026-06-29T19:38:38+00:00,Spotify public artist page,,,,Spotify desktop album page,no,artist_monthly_listeners,31321,52.41,Middle,4.495849,Middle,4.092167,0.403683
M079,Power Paladin,Kraven the Hunter,Iceland,2022,power metal,,0IDr7J6wfuZZaajThEC4cO,2jkaoO6BDX0QvewdjxRSvB,https://open.spotify.com/artist/2jkaoO6BDX0QvewdjxRSvB,https://open.spotify.com/track/0IDr7J6wfuZZaajThEC4cO,Kraven the Hunter,Power Paladin,With the Magic of Windfyre Steel,2022-01-07,DE1AH2200401,331589,,OK,,11698,2026-06-29T19:38:38+00:00,Spotify public artist page,,,,Spotify desktop album page,no,artist_monthly_listeners,11698,36.75,Buffer,4.068149,Middle,4.092167,0.024018
M080,Arrayan Path,Stigmata,Cyprus,2018,power metal,,1YpY2YfPHkbXCA1kaccmoF,4i1kDUJkz1Md0NK9iyLuAD,https://open.spotify.com/artist/4i1kDUJkz1Md0NK9iyLuAD,https://open.spotify.com/track/1YpY2YfPHkbXCA1kaccmoF,Stigmata,Arrayan Path,IV: Stigmata,2013-06-10,CYA081302305,387680,,OK,,522,2026-06-29T19:38:38+00:00,Spotify public artist page,,,,Spotify desktop album page,no,artist_monthly_listeners,522,7.83,Low,2.718502,Low,2.738456,0.019954
M081,Eagleheart,Reverse,Czech Republic,2017,power metal,,6s5DxrVYsqh50hN2adnj0m,1AJYEp0lejGrqWQsp2bHgW,https://open.spotify.com/artist/1AJYEp0lejGrqWQsp2bHgW,https://open.spotify.com/track/6s5DxrVYsqh50hN2adnj0m,Reverse,Eagleheart,Reverse,2017-08-18,ITD291701568,375026,,OK,,297,2026-06-29T19:38:38+00:00,Spotify public artist page,,,,Spotify desktop album page,no,artist_monthly_listeners,297,3.01,Low,2.474216,Low,2.738456,0.264240
M082,Within Silence,Children of Light,Slovakia,2015,power metal,,2E6u46W9j1nNpZ91JRoi7O,3qeklOq9OkE7FdJB0rjgXY,https://open.spotify.com/artist/3qeklOq9OkE7FdJB0rjgXY,https://open.spotify.com/track/2E6u46W9j1nNpZ91JRoi7O,Children of Light,Within Silence,Return from the Shadows,2017-10-27,SEXEN1700703,317626,,OK,,5016,2026-06-29T19:38:38+00:00,Spotify public artist page,,,,Spotify desktop album page,no,artist_monthly_listeners,5016,22.29,Low,3.700444,Middle,4.092167,0.391723
M083,Wisdom,Ravens' Night,Hungary,2016,power metal,,2WCMdHV3NkjNIARfkjMGE0,2Uvj75EFUSbO45dqL4SDpw,https://open.spotify.com/artist/2Uvj75EFUSbO45dqL4SDpw,https://open.spotify.com/track/2WCMdHV3NkjNIARfkjMGE0,Ravens' Night,Wisdom,Rise of the Wise,2016-02-26,ATN261505402,243733,,OK,,9895,2026-06-29T19:38:38+00:00,Spotify public artist page,,,,Spotify desktop album page,no,artist_monthly_listeners,9895,34.34,Buffer,3.995460,Middle,4.092167,0.096707
M084,Exlibris,Hellphoria,Poland,2013,power metal,,4ZCE9a3407wu9FG2i8baFE,3w8AGJIJV3eAHw6cCZiFjb,https://open.spotify.com/artist/3w8AGJIJV3eAHw6cCZiFjb,https://open.spotify.com/track/4ZCE9a3407wu9FG2i8baFE,Hellphoria,Exlibris,Humagination,2013,PLA641308724,196746,,OK,,742,2026-06-29T19:38:38+00:00,Spotify public artist page,,,,Spotify desktop album page,no,artist_monthly_listeners,742,10.24,Low,2.870989,Low,2.738456,0.132533
