candidate_id,artist,title,spotify_track_id,primary_artist_id,primary_artist_url,spotify_url,spotify_isrc,stream_count,captured_at,source_note
M001,Metallica,Moth Into Flame,3JjZq20Kv6UphyyirAaY9A,2ye2Wgw4gimLv2eAKyk1NB,https://open.spotify.com/artist/2ye2Wgw4gimLv2eAKyk1NB,https://open.spotify.com/track/3JjZq20Kv6UphyyirAaY9A,QMKHM1600380,,,Spotify desktop album page
M002,Avenged Sevenfold,Hail to the King,5anCkDvJ17aznvK5TED5uo,0nmQIMXWTXfhgOBdNzhGOs,https://open.spotify.com/artist/0nmQIMXWTXfhgOBdNzhGOs,https://open.spotify.com/track/5anCkDvJ17aznvK5TED5uo,USWB11302191,,,Spotify desktop album page
M003,Five Finger Death Punch,Wrong Side of Heaven,11Ojp7JniVvwd0gmgvyKkd,5t28BP42x2axFnqOOMg3CM,https://open.spotify.com/artist/5t28BP42x2axFnqOOMg3CM,https://open.spotify.com/track/11Ojp7JniVvwd0gmgvyKkd,US5Z51300299,,,Spotify desktop album page
M004,Kamelot,Veil of Elysium,0P4xr8nJqAGPL0zSkYPwWH,7gTbq5nTZGQIUgjEGXQpOS,https://open.spotify.com/artist/7gTbq5nTZGQIUgjEGXQpOS,https://open.spotify.com/track/0P4xr8nJqAGPL0zSkYPwWH,ATN261558804,,,Spotify desktop album page
M005,Symphony X,Nevermore,2OmBhlNYNVUOvVQNVQ4l69,4MnZkh4dpNmTMPxkl4Ev5L,https://open.spotify.com/artist/4MnZkh4dpNmTMPxkl4Ev5L,https://open.spotify.com/track/2OmBhlNYNVUOvVQNVQ4l69,DED831500552,,,Spotify desktop album page
M006,Visigoth,Warrior Queen,6bzEx9m1sOsY2WgAjPjcVX,36Fw8K3uH9kPWEkZilzk86,https://open.spotify.com/artist/36Fw8K3uH9kPWEkZilzk86,https://open.spotify.com/track/6bzEx9m1sOsY2WgAjPjcVX,USMBR1812841,,,Spotify desktop album page
M007,Eternal Champion,I Am the Hammer,1bphIZnGESZjHnD5Lrg9cD,29xyQODvISPKNLgvvPqsA9,https://open.spotify.com/artist/29xyQODvISPKNLgvvPqsA9,https://open.spotify.com/track/1bphIZnGESZjHnD5Lrg9cD,TCAHM2360309,,,Spotify desktop album page
M008,Powerwolf,Army of the Night,6vQT1Y3MTGCpc31VIF5Ela,5HFkc3t0HYETL4JeEbDB1v,https://open.spotify.com/artist/5HFkc3t0HYETL4JeEbDB1v,https://open.spotify.com/track/6vQT1Y3MTGCpc31VIF5Ela,ATN261558603,,,Spotify desktop album page
M009,Blind Guardian,Twilight of the Gods,7LvIHenP3bZ7yp5NiXWJYF,7jxJ25p0pPjk0MStloN6o6,https://open.spotify.com/artist/7jxJ25p0pPjk0MStloN6o6,https://open.spotify.com/track/7LvIHenP3bZ7yp5NiXWJYF,DED831401010,,,Spotify desktop album page
M010,Helloween,Skyfall,5lsqw3b9RryGa7NrhvdrMi,4pQN0GB0fNEEOfQCaWotsY,https://open.spotify.com/artist/4pQN0GB0fNEEOfQCaWotsY,https://open.spotify.com/track/5lsqw3b9RryGa7NrhvdrMi,DED832001268,,,Spotify desktop album page
M011,Accept,Teutonic Terror,3crIa21lfjekujCQuGjlJT,3JDIAtVrJdQ7GFOX26LYpv,https://open.spotify.com/artist/3JDIAtVrJdQ7GFOX26LYpv,https://open.spotify.com/track/3crIa21lfjekujCQuGjlJT,DED831000251,,,Spotify desktop album page
M012,Orden Ogan,Gunman,3Mz5lXbMBK2tUmKAwAJwi1,3t5X2CVDf5mrlIx1SdvWYM,https://open.spotify.com/artist/3t5X2CVDf5mrlIx1SdvWYM,https://open.spotify.com/track/3Mz5lXbMBK2tUmKAwAJwi1,DEU601706950,,,Spotify desktop album page
M013,Primal Fear,The End Is Near,0V2Jge35CQn1Hc9hNBmdbm,1yfiDL3YUEJlQCgb5Pun6g,https://open.spotify.com/artist/1yfiDL3YUEJlQCgb5Pun6g,https://open.spotify.com/track/0V2Jge35CQn1Hc9hNBmdbm,ITG271600027,,,Spotify desktop album page
M014,Grave Digger,Highland Farewell,3zX2MDSXSlQNviigge9vAT,6mfghV4I1CD17FOhDKq7cJ,https://open.spotify.com/artist/6mfghV4I1CD17FOhDKq7cJ,https://open.spotify.com/track/3zX2MDSXSlQNviigge9vAT,ATN261034904,,,Spotify desktop album page
M015,Iron Maiden,Speed of Light,1smvmwmbrQiBwgJZMxVtup,6mdiAmATAx73kdxrNrnlao,https://open.spotify.com/artist/6mdiAmATAx73kdxrNrnlao,https://open.spotify.com/track/1smvmwmbrQiBwgJZMxVtup,GBCHB1410645,,,Spotify desktop album page
M016,Judas Priest,Lightning Strike,6qopop1Rc9r1RjEIBQhc8d,2tRsMl4eGxwoNabM08Dm4I,https://open.spotify.com/artist/2tRsMl4eGxwoNabM08Dm4I,https://open.spotify.com/track/6qopop1Rc9r1RjEIBQhc8d,GBARL1702142,,,Spotify desktop album page
M017,Saxon,Thunderbolt,0ViETXmkc9BrgimhkqREGr,71vVmHeNgCVSa5SVmfvscU,https://open.spotify.com/artist/71vVmHeNgCVSa5SVmfvscU,https://open.spotify.com/track/0ViETXmkc9BrgimhkqREGr,UKKY81700135,,,Spotify desktop album page
M018,DragonForce,Cry Thunder,45W8En2qul3ljQKzIbsyT4,2pH3wEn4eYlMMIIQyKPbVR,https://open.spotify.com/artist/2pH3wEn4eYlMMIIQyKPbVR,https://open.spotify.com/track/45W8En2qul3ljQKzIbsyT4,DEH841500444,,,Spotify desktop album page
M019,Sabaton,Bismarck,39m87lOMd5ccENPVvAT7gH,3o2dn2O0FCVsWDFSh8qxgG,https://open.spotify.com/artist/3o2dn2O0FCVsWDFSh8qxgG,https://open.spotify.com/track/39m87lOMd5ccENPVvAT7gH,SE6HE1900101,,,Spotify desktop album page
M020,HammerFall,Hector's Hymn,708gbPVWfY8C4Q32PSYlvW,2o18h28enlHxj887tATc58,https://open.spotify.com/artist/2o18h28enlHxj887tATc58,https://open.spotify.com/track/708gbPVWfY8C4Q32PSYlvW,DED831400765,,,Spotify desktop album page
M021,Bloodbound,Moria,5CtKdgmm86gjAETNUqDJHQ,6nf7iwR6AoROxfUKZWd1r6,https://open.spotify.com/artist/6nf7iwR6AoROxfUKZWd1r6,https://open.spotify.com/track/5CtKdgmm86gjAETNUqDJHQ,DEU601103271,,,Spotify desktop album page
M022,Dynazty,Heartless Madness,4QaxyJsbo5AR3bnEB7ko8h,5deRBvKxJssHVa9n6B7tWV,https://open.spotify.com/artist/5deRBvKxJssHVa9n6B7tWV,https://open.spotify.com/track/4QaxyJsbo5AR3bnEB7ko8h,DEU601908672,,,Spotify desktop album page
M023,Civil War,Rome Is Falling,6oYAAgSsy3A5167QZl6Zb5,6lGzC0JJCotCU9QZ2Lgi8T,https://open.spotify.com/artist/6lGzC0JJCotCU9QZ2Lgi8T,https://open.spotify.com/track/6oYAAgSsy3A5167QZl6Zb5,SEXTE1202101,,,Spotify desktop album page
M024,Brothers of Metal,Yggdrasil,3V417nSM4Ilh0Tt5CqustV,0WPCPYm5IDNtQjuJOGNPcy,https://open.spotify.com/artist/0WPCPYm5IDNtQjuJOGNPcy,https://open.spotify.com/track/3V417nSM4Ilh0Tt5CqustV,USCGJ1733170,,,Spotify desktop album page
M025,Beast in Black,Blind and Frozen,7iOSeHfKU2EhSKcX7TbjKG,0rEuaTPLMhlViNCJrg3NEH,https://open.spotify.com/artist/0rEuaTPLMhlViNCJrg3NEH,https://open.spotify.com/track/7iOSeHfKU2EhSKcX7TbjKG,DED831701293,,,Spotify desktop album page
M026,Stratovarius,Unbreakable,1IaQLINjiOCSv4INrrv0aS,1O8CSXsPwEqxcoBE360PPO,https://open.spotify.com/artist/1O8CSXsPwEqxcoBE360PPO,https://open.spotify.com/track/1IaQLINjiOCSv4INrrv0aS,DEH841201011,,,Spotify desktop album page
M027,Sonata Arctica,The Wolves Die Young,4gAxNZIyZqKSQCYcZ0YPXH,5YeoQ1L71cXDMpSpqxOjfH,https://open.spotify.com/artist/5YeoQ1L71cXDMpSpqxOjfH,https://open.spotify.com/track/4gAxNZIyZqKSQCYcZ0YPXH,DED831400050,,,Spotify desktop album page
M028,Turisas,Ten More Miles,4ynHiLrKPvpR0mzQVruU60,0ykT1si9XRFPmEvWOnf4YI,https://open.spotify.com/artist/0ykT1si9XRFPmEvWOnf4YI,https://open.spotify.com/track/4ynHiLrKPvpR0mzQVruU60,US4E41301802,,,Spotify desktop album page
M029,Rhapsody of Fire,Rain of Fury,7ACH45QQtgGPFzWJbiirXN,3IjLXN4eSksdGj8uDE4Jm1,https://open.spotify.com/artist/3IjLXN4eSksdGj8uDE4Jm1,https://open.spotify.com/track/7ACH45QQtgGPFzWJbiirXN,DEU601808008,,,Spotify desktop album page
M030,Wind Rose,Drunken Dwarves,4qxK1lnNoYm1kevG69mhHU,67ps5pbKVO7V9Fcb4lTIXz,https://open.spotify.com/artist/67ps5pbKVO7V9Fcb4lTIXz,https://open.spotify.com/track/4qxK1lnNoYm1kevG69mhHU,ATN261985903,,,Spotify desktop album page
M031,Trick or Treat,Rabbit's Hill,0LLz9aMUEkY9q3kBLXymEI,2mj5rXb8mYaRoF7oOHfgqI,https://open.spotify.com/artist/2mj5rXb8mYaRoF7oOHfgqI,https://open.spotify.com/track/0LLz9aMUEkY9q3kBLXymEI,DEQ121216760,,,Spotify desktop album page
M032,Vision Divine,Angel of Revenge,4ktpjpQSF5GeX03fzd06EJ,5L6lO4X5v3GJpTkBg1BdW2,https://open.spotify.com/artist/5L6lO4X5v3GJpTkBg1BdW2,https://open.spotify.com/track/4ktpjpQSF5GeX03fzd06EJ,DEAR41838004,,,Spotify desktop album page
M033,Angra,Black Hearted Soul,1QSYruiVW9PQhFkS2z41af,7IAXZaLTb6nkJr8RmVPn5y,https://open.spotify.com/artist/7IAXZaLTb6nkJr8RmVPn5y,https://open.spotify.com/track/1QSYruiVW9PQhFkS2z41af,BRPOQ1400002,,,Spotify desktop album page
M034,Shaman,Brand New Me,4O9EMs6XKGFLMMEqeHd0JQ,2THaGrUq7RPnj8Uax9zQ1m,https://open.spotify.com/artist/2THaGrUq7RPnj8Uax9zQ1m,https://open.spotify.com/track/4O9EMs6XKGFLMMEqeHd0JQ,BRHHU2200009,,,Spotify desktop album page
M035,Armored Dawn,Sail Away,71vODTU3y6KNJqPVauyST5,1oueQWyrcULGbpk0DyiqGf,https://open.spotify.com/artist/1oueQWyrcULGbpk0DyiqGf,https://open.spotify.com/track/71vODTU3y6KNJqPVauyST5,BXEFE1700007,,,Spotify desktop album page
M036,Galneryus,Raise My Sword,5iwQQDLg0wRhQ3WHorms7t,3BNDjSD67jJE4fhxX1b2OV,https://open.spotify.com/artist/3BNDjSD67jJE4fhxX1b2OV,https://open.spotify.com/track/5iwQQDLg0wRhQ3WHorms7t,JPVP01513503,,,Spotify desktop album page
M037,Anthem,The Artery Song,1dtLV5i9OVqOP3xULBoTbh,67BObUWOkPPGftw3ITCHXH,https://open.spotify.com/artist/67BObUWOkPPGftw3ITCHXH,https://open.spotify.com/track/1dtLV5i9OVqOP3xULBoTbh,JPPO01702804,,,Spotify desktop album page
M038,Concerto Moon,Alone in Paradise,3Idf8blFXZHb9cDAh5GH69,06RLyuNu1DPwwvCxLvN476,https://open.spotify.com/artist/06RLyuNu1DPwwvCxLvN476,https://open.spotify.com/track/3Idf8blFXZHb9cDAh5GH69,JPB621900487,,,Spotify desktop album page
M039,Lords of Black,Merciless,0U3E8lPQrqWyludEEg4NiB,5PgEqen6HcezHZRU1PJO0Z,https://open.spotify.com/artist/5PgEqen6HcezHZRU1PJO0Z,https://open.spotify.com/track/0U3E8lPQrqWyludEEg4NiB,ITG271600107,,,Spotify desktop album page
M040,WarCry,Huelo el Miedo,7nenmm7QWd8YI35zOMPFsX,3hMTlMf2UGZTeP6DSUUl09,https://open.spotify.com/artist/3hMTlMf2UGZTeP6DSUUl09,https://open.spotify.com/track/7nenmm7QWd8YI35zOMPFsX,uscgh1814404,,,Spotify desktop album page
M041,Firewind,World on Fire,73VDhH8TvIIIeps0RuqXaf,70I9vE7YTwKmelfEplXc5r,https://open.spotify.com/artist/70I9vE7YTwKmelfEplXc5r,https://open.spotify.com/track/73VDhH8TvIIIeps0RuqXaf,US4E41067702,,,Spotify desktop album page
M042,Warrior Path,The Mad King,2mYFDxuPVo9WPkx3yUUTbv,0Cse5LOTboj572fe5CliXj,https://open.spotify.com/artist/0Cse5LOTboj572fe5CliXj,https://open.spotify.com/track/2mYFDxuPVo9WPkx3yUUTbv,USCGJ2583715,,,Spotify desktop album page
M043,The Silent Rage,The Deadliest Scourge,16IMT20oKggrd6x4dPZQN5,6W8Ifl0HfzmHx6wZeuh3dy,https://open.spotify.com/artist/6W8Ifl0HfzmHx6wZeuh3dy,https://open.spotify.com/track/16IMT20oKggrd6x4dPZQN5,usx9p2012437,,,Spotify desktop album page
M044,Myrath,Believer,6zNWCirgbJ9nkwZlVeMY3T,72500XOYPw5e7OgFWuW2Gl,https://open.spotify.com/artist/72500XOYPw5e7OgFWuW2Gl,https://open.spotify.com/track/6zNWCirgbJ9nkwZlVeMY3T,FR7Z81500235,,,Spotify desktop album page
M045,Carthagods,The Devil's Doll,5aI2EF6gFKSdqW1bEHQFcb,0SdxZAc2eKSnWwhjHEC07W,https://open.spotify.com/artist/0SdxZAc2eKSnWwhjHEC07W,https://open.spotify.com/track/5aI2EF6gFKSdqW1bEHQFcb,usl4r1823032,,,Spotify desktop album page
M046,Orphaned Land,Like Orpheus,2xT6dOB9HTQgP4WoR5ByI2,7xTMxqAmbtE0Nce5lz7t0h,https://open.spotify.com/artist/7xTMxqAmbtE0Nce5lz7t0h,https://open.spotify.com/track/2xT6dOB9HTQgP4WoR5ByI2,US4E41848607,,,Spotify desktop album page
M047,The HU,Wolf Totem,7LSn5it9bQhJqyfEq1PM3l,0b2B3PwcYzQAhuJacmcYgc,https://open.spotify.com/artist/0b2B3PwcYzQAhuJacmcYgc,https://open.spotify.com/track/7LSn5it9bQhJqyfEq1PM3l,TCADY1880557,,,Spotify desktop album page
M048,Against Evil,The Sound of Violence,6Ehb1g3Qq47TqN4CSHaYUF,7KidUKr9UKzJ7SA5RZYCy9,https://open.spotify.com/artist/7KidUKr9UKzJ7SA5RZYCy9,https://open.spotify.com/track/6Ehb1g3Qq47TqN4CSHaYUF,uscgh2193288,,,Spotify desktop album page
M049,Kryptos,Full Throttle,4AseGgv9fiVNeGC7cSU3u2,0SmK0Nh1fuDYGSGWDI3eVh,https://open.spotify.com/artist/0SmK0Nh1fuDYGSGWDI3eVh,https://open.spotify.com/track/4AseGgv9fiVNeGC7cSU3u2,DEU601606525,,,Spotify desktop album page
M050,LORD,United,7yqjpBncd99OTk5EMWGUBT,6mLDXLOEh4fcvxm5ICKfhE,https://open.spotify.com/artist/6mLDXLOEh4fcvxm5ICKfhE,https://open.spotify.com/track/7yqjpBncd99OTk5EMWGUBT,AUDI31900001,,,Spotify desktop album page
M051,Black Majesty,Children of the Abyss,1ZhdwkddsbYGqrUa8duXir,2DPNTAyCLXZ7EZqFaESe4q,https://open.spotify.com/artist/2DPNTAyCLXZ7EZqFaESe4q,https://open.spotify.com/track/1ZhdwkddsbYGqrUa8duXir,DEUJ61800136,,,Spotify desktop album page
M052,Elm Street,Heart Racer,7MAPT8Clft06t6fV1aVlpb,7GZ2pCmZ6H5vrdfB41vCoy,https://open.spotify.com/artist/7GZ2pCmZ6H5vrdfB41vCoy,https://open.spotify.com/track/7MAPT8Clft06t6fV1aVlpb,DER371694907,,,Spotify desktop album page
M053,Striker,Born to Lose,5af4KHpLHbuQd4GtfhNawR,0lwL1Cu96Wvy1hMwfLqHHC,https://open.spotify.com/artist/0lwL1Cu96Wvy1hMwfLqHHC,https://open.spotify.com/track/5af4KHpLHbuQd4GtfhNawR,ushm91606177,,,Spotify desktop album page
M054,Skull Fist,Better Late Than Never,1RtW5EA4LO7nZHrgmgxCnJ,6V6MyDcytW48stIykhH937,https://open.spotify.com/artist/6V6MyDcytW48stIykhH937,https://open.spotify.com/track/1RtW5EA4LO7nZHrgmgxCnJ,ATN261807207,,,Spotify desktop album page
M055,Traveler,Starbreaker,6qCGoSR3V84W2pukqjC9rL,7G0UdhtXkdKanSod5KutP0,https://open.spotify.com/artist/7G0UdhtXkdKanSod5KutP0,https://open.spotify.com/track/6qCGoSR3V84W2pukqjC9rL,ITI291901101,,,Spotify desktop album page
M056,Jorn,Life on Death Road,303jLr2JVLP41JBaSANWFm,5SaDyTQkjAAdrsmhPzrmw2,https://open.spotify.com/artist/5SaDyTQkjAAdrsmhPzrmw2,https://open.spotify.com/track/303jLr2JVLP41JBaSANWFm,ITG271700542,,,Spotify desktop album page
M057,Communic,The Bottom Deep,2cYQ1F6AR6OzuV7r6xiLIc,56w3AIFmUXAMlij4gvgEMF,https://open.spotify.com/artist/56w3AIFmUXAMlij4gvgEMF,https://open.spotify.com/track/2cYQ1F6AR6OzuV7r6xiLIc,DED831100103,,,Spotify desktop album page
M058,Volbeat,The Devil's Bleeding Crown,3TjQAc2PzWzlSDrnq61J1y,0L5fC7Ogm2YwgqVCRcF1bT,https://open.spotify.com/artist/0L5fC7Ogm2YwgqVCRcF1bT,https://open.spotify.com/track/3TjQAc2PzWzlSDrnq61J1y,DKNE11600101,,,Spotify desktop album page
M059,Iron Fire,Among the Dead,02sRzXuXZBwnfEQEuDmMWn,2wUYahgemhGsBv9a51NfTn,https://open.spotify.com/artist/2wUYahgemhGsBv9a51NfTn,https://open.spotify.com/track/02sRzXuXZBwnfEQEuDmMWn,NOXPF1601020,,,Spotify desktop album page
M060,Pyramaze,Disciples of the Sun,15y18CCQL1zxTjZHB4xdJU,23jSIm8VfKV2HaQJtfR3PK,https://open.spotify.com/artist/23jSIm8VfKV2HaQJtfR3PK,https://open.spotify.com/track/15y18CCQL1zxTjZHB4xdJU,TCACF1554666,,,Spotify desktop album page
M061,Iron Mask,Tree of the World,1LO7BHOGUsNPtsquVhx2Ys,4fHO1843WfhVrQkRKO555M,https://open.spotify.com/artist/4fHO1843WfhVrQkRKO555M,https://open.spotify.com/track/1LO7BHOGUsNPtsquVhx2Ys,DEU602008914,,,Spotify desktop album page
M062,Fireforce,Combat Metal,6O3eQ6rVO2wOptHkAfWNEL,51hq2WvXCCc1z4ygbN4FFV,https://open.spotify.com/artist/51hq2WvXCCc1z4ygbN4FFV,https://open.spotify.com/track/6O3eQ6rVO2wOptHkAfWNEL,DET271214403,,,Spotify desktop album page
M063,Existance,Heavy Metal Fury,07obh8qfggtUWx5leUuDrf,75G0mByTO4R4eFmYdJs6ax,https://open.spotify.com/artist/75G0mByTO4R4eFmYdJs6ax,https://open.spotify.com/track/07obh8qfggtUWx5leUuDrf,FR26V1647792,,,Spotify desktop album page
M064,Sortilège,Messager - 2021,4tIMFWs6e4BMCsudGF7JQL,2mUthKsZa1UWKvbAcJWQ2U,https://open.spotify.com/artist/2mUthKsZa1UWKvbAcJWQ2U,https://open.spotify.com/track/4tIMFWs6e4BMCsudGF7JQL,FR7Z82100061,,,Spotify desktop album page
M065,Attick Demons,City of Golden Gates,6BZwg1KPw2Rl0sSzE8yGNc,5mf3WLEtrRlKH453i2mgXk,https://open.spotify.com/artist/5mf3WLEtrRlKH453i2mgXk,https://open.spotify.com/track/6BZwg1KPw2Rl0sSzE8yGNc,DEZ902000395,,,Spotify desktop album page
M066,Trooper,Destin,3THTf3wxzIhruAXH9Qh0g5,3nQoVVNwutGfczOpMK7HTd,https://open.spotify.com/artist/3nQoVVNwutGfczOpMK7HTd,https://open.spotify.com/track/3THTf3wxzIhruAXH9Qh0g5,ROA018003294,,,Spotify desktop album page
M067,Pentagram,Geçmişin Yükü,11DYAaYg2bXqa2Vr8OpS4z,1Xz8iP9Dvl5uI88iraOhs7,https://open.spotify.com/artist/1Xz8iP9Dvl5uI88iraOhs7,https://open.spotify.com/track/11DYAaYg2bXqa2Vr8OpS4z,TRA161200036,,,Spotify desktop album page
M068,Aria,Точка невозврата,4F2x1O03ARdVHwUgbkVlBa,0ICn3Cbc4mMeLmTvwnqXYu,https://open.spotify.com/artist/0ICn3Cbc4mMeLmTvwnqXYu,https://open.spotify.com/track/4F2x1O03ARdVHwUgbkVlBa,RUB241445506,,,Spotify desktop album page
M069,Epidemia,Выбор есть!,6DxYqQP095L38pVc5hXLdU,7GQkGMp7NcATMCru95ES3N,https://open.spotify.com/artist/7GQkGMp7NcATMCru95ES3N,https://open.spotify.com/track/6DxYqQP095L38pVc5hXLdU,TCADL1891398,,,Spotify desktop album page
M070,Sunrise,Tower of Fear,0rVS03RFAfLm0HzOpuGeR6,5KoM1czSEh1VGnySR3h2n4,https://open.spotify.com/artist/5KoM1czSEh1VGnySR3h2n4,https://open.spotify.com/track/0rVS03RFAfLm0HzOpuGeR6,FR2X41738859,,,Spotify desktop album page
M071,Agora,En la Nada,23ILYQwmx0J8eSPjltEb6L,6rYc6WImdfhd7wtSFp1jb3,https://open.spotify.com/artist/6rYc6WImdfhd7wtSFp1jb3,https://open.spotify.com/track/23ILYQwmx0J8eSPjltEb6L,MX2661100032,,,Spotify desktop album page
M072,Helker,Fight,4Qqz7qQIF2IPuAOnS92SKJ,73UaCOx7zJtZ8HlEjTnb0Z,https://open.spotify.com/artist/73UaCOx7zJtZ8HlEjTnb0Z,https://open.spotify.com/track/4Qqz7qQIF2IPuAOnS92SKJ,DEU601706780,,,Spotify desktop album page
M073,Deadline,Bloodbeast,1mAivZyomROH2PYh7SaXJg,2SQva0Fk9JucHzy3TA8tO9,https://open.spotify.com/artist/2SQva0Fk9JucHzy3TA8tO9,https://open.spotify.com/track/1mAivZyomROH2PYh7SaXJg,ushm81798834,,,Spotify desktop album page
M074,Skinflint,Flesh Potion,5Hx4kJ8V59tGFotZHYW9Vy,76MMXRm4VwkwlptuOPeRX1,https://open.spotify.com/artist/76MMXRm4VwkwlptuOPeRX1,https://open.spotify.com/track/5Hx4kJ8V59tGFotZHYW9Vy,TCAGX2337229,,,Spotify desktop album page
M075,Arka'n Asrafokor,Awala,1oAECJelV9xSstJB8fRleU,6l8FgxcVWdqGn25uZY2rgY,https://open.spotify.com/artist/6l8FgxcVWdqGn25uZY2rgY,https://open.spotify.com/track/1oAECJelV9xSstJB8fRleU,TCAEG1943838,,,Spotify desktop album page
M076,Emerald,Digital Slavery,4yqFAogywm9DGzQOoiLkil,4w0gX7zcZG18e8yqvXoUKL,https://open.spotify.com/artist/4w0gX7zcZG18e8yqvXoUKL,https://open.spotify.com/track/4yqFAogywm9DGzQOoiLkil,DEZ901900009,,,Spotify desktop album page
M077,Dragony,If It Bleeds We Can Kill It,2YQDtovUXJ2zfPldc9mZzy,4ZGFYwFpBWxq6FxqilvRJT,https://open.spotify.com/artist/4ZGFYwFpBWxq6FxqilvRJT,https://open.spotify.com/track/2YQDtovUXJ2zfPldc9mZzy,DET271817202,,,Spotify desktop album page
M079,Power Paladin,Kraven the Hunter,0IDr7J6wfuZZaajThEC4cO,2jkaoO6BDX0QvewdjxRSvB,https://open.spotify.com/artist/2jkaoO6BDX0QvewdjxRSvB,https://open.spotify.com/track/0IDr7J6wfuZZaajThEC4cO,DE1AH2200401,,,Spotify desktop album page
M080,Arrayan Path,Stigmata,1YpY2YfPHkbXCA1kaccmoF,4i1kDUJkz1Md0NK9iyLuAD,https://open.spotify.com/artist/4i1kDUJkz1Md0NK9iyLuAD,https://open.spotify.com/track/1YpY2YfPHkbXCA1kaccmoF,CYA081302305,,,Spotify desktop album page
M081,Eagleheart,Reverse,6s5DxrVYsqh50hN2adnj0m,1AJYEp0lejGrqWQsp2bHgW,https://open.spotify.com/artist/1AJYEp0lejGrqWQsp2bHgW,https://open.spotify.com/track/6s5DxrVYsqh50hN2adnj0m,ITD291701568,,,Spotify desktop album page
M082,Within Silence,Children of Light,2E6u46W9j1nNpZ91JRoi7O,3qeklOq9OkE7FdJB0rjgXY,https://open.spotify.com/artist/3qeklOq9OkE7FdJB0rjgXY,https://open.spotify.com/track/2E6u46W9j1nNpZ91JRoi7O,SEXEN1700703,,,Spotify desktop album page
M083,Wisdom,Ravens' Night,2WCMdHV3NkjNIARfkjMGE0,2Uvj75EFUSbO45dqL4SDpw,https://open.spotify.com/artist/2Uvj75EFUSbO45dqL4SDpw,https://open.spotify.com/track/2WCMdHV3NkjNIARfkjMGE0,ATN261505402,,,Spotify desktop album page
M084,Exlibris,Hellphoria,4ZCE9a3407wu9FG2i8baFE,3w8AGJIJV3eAHw6cCZiFjb,https://open.spotify.com/artist/3w8AGJIJV3eAHw6cCZiFjb,https://open.spotify.com/track/4ZCE9a3407wu9FG2i8baFE,PLA641308724,,,Spotify desktop album page
